site,email,is_partner_domain,error
https://rarus.ru,1c@rarus.ru,yes,
https://rarus.ru,rs@rarus.ru,yes,
https://rarus.ru,cto@rarus.ru,yes,
https://rarus.ru,hline_1c@eprof.ru,no,
https://rarus.ru,info@sms4b.ru,no,
https://rarus.ru,oblako@rarus.ru,yes,
https://www.1ab.ru,order@1ab.ru,yes,
https://www.1ab.ru,hl@1ab.ru,yes,
https://www.1cbit.ru,,,
https://www.koderline.ru,,,
https://gendalf.ru,gendalf@gendalf.ru,yes,
https://gendalf.ru,student@gendalf.ru,yes,
https://gendalf.ru,internet@gendalf.ru,yes,
https://gendalf.ru,pr@gendalf.ru,yes,
https://is1c.ru,info@is1c.ru,yes,
https://is1c.ru,info@corp-it-projects.ru,no,
https://is1c.ru,info@automation-business.ru,no,
https://is1c.ru,info@solution-business.ru,no,
https://is1c.ru,info@automation-gov.ru,no,
https://axioma-soft.ru,info@axioma-soft.ru,yes,
https://voronezh.1cbit.ru,vrn@1cbit.ru,yes,
https://voronezh.1cbit.ru,lk36@1cbit.ru,yes,
https://portal-yug.ru,mail@portal-yug.ru,yes,
https://spb.1cbit.ru,,,
https://www.venkon.uz,info@venkon.uz,yes,
https://www.servicetrend.ru,,,
https://lad-corp.ru,erp@lad24.ru,no,
https://lad-corp.ru,pr@lad-corp.ru,yes,
https://www.vdgb.ru,,,
https://globals.ru,smk@globals.ru,yes,
https://globals.ru,mail@globals.ru,yes,
https://globals.ru,2312090300@mail.ru,no,
https://globals.ru,lk@globals.ru,yes,
https://globals.ru,crimea@globals.ru,yes,
https://chelyabinsk.1cbit.ru,,,
https://www.f1soft.ru,1c@f1soft.ru,yes,
https://1c-prime.ru,,,
https://www.inter-soft.ru,info@inter-soft.ru,yes,
https://www.inter-soft.ru,smk@inter-soft.ru,yes,
https://www.inter-soft.ru,grand@info-proect.ru,no,
https://www.inter-soft.ru,info@intersoft-it.ru,no,
https://aprsoft.ru,aprsoft@aprilnn.ru,no,
https://aprsoft.ru,hotline@aprilnn.ru,no,
https://aprsoft.ru,its@aprilnn.ru,no,
https://aprsoft.ru,po@aprilnn.ru,no,
https://aprsoft.ru,uc@aprilnn.ru,no,
https://aprsoft.ru,partner@aprilnn.ru,no,
https://aprsoft.ru,job@aprilnn.ru,no,
https://soft-market.ru,client-spb@soft-market.ru,yes,
https://agentura-soft.ru,sale@agentura-soft.ru,yes,
https://www.hs.by,1c@hs.by,yes,
https://kazan.1cbit.ru,,,
https://www.avtomatizator.ru,sale@avtomatizator.ru,yes,
https://fort.crimea.com,sales@fort.crimea.com,yes,
https://fort.crimea.com,hotline@fort.crimea.com,yes,
https://sb-vnedr.ru,zakaz@sb-vnedr.ru,yes,
https://sb-vnedr.ru,konysheva@softbalance.ru,no,
https://sb-vnedr.ru,its@softbalance.ru,no,
https://sb-vnedr.ru,1c-open@softbalance.ru,no,
https://sb-vnedr.ru,sb-web@softbalance.ru,no,
https://sb-vnedr.ru,solovjeva@softbalance.ru,no,
https://sb-vnedr.ru,zakaz@sb-vnedr.ru.ru,no,
https://www.1cbit.kz,info.almaty@1cbit.ru,no,
https://www.1cbit.kz,almaty@1cbit.ru,no,
https://www.1cbit.kz,hotlineqz@1cbit.ru,no,
https://krasnodar.1cbit.ru,kuban@1cbit.ru,yes,
https://krasnodar.1cbit.ru,krasnodar@1cbit.ru,yes,
https://samara.1cbit.ru,,,
https://itex.ru,,,
https://nizhniy.1cbit.ru,,,
https://rostov.1cbit.ru,,,
https://tyumen.1cbit.ru,,,
https://1sab.ru,its@1sab.ru,yes,
https://spb.koderline.ru,,,
https://saratov.1cbit.ru,,,
https://iskrapro.ru,zakazpo@iskrapro.ru,yes,
https://www.wizard-c.ru,sova1c@wizard-c.ru,yes,
https://krasnodar.koderline.ru,,,
https://sovetnik1c.ru,,,
https://www.pulsar.ru,2344441@1cbit.ru,no,
https://irkutsk.1cbit.ru,,,
https://burg.1cbit.ru,,,
https://kaliningrad.1cbit.ru,kaliningrad@1cbit.ru,yes,
https://omsk.1cbit.ru,,,
https://www.vectro.ru,,,
https://www.asp-1c.ru,,,
https://krasnoyarsk.1cbit.ru,,,
https://www.forus.ru,sales@forus.ru,yes,
https://www.forus.ru,otdel-its@forus.ru,yes,
https://www.forus.ru,1cbo@forus.ru,yes,
https://www.forus.ru,it@forus.ru,yes,
https://www.forus.ru,fresh-support@forus.ru,yes,
https://www.forus.ru,eoks@forus.ru,yes,
https://www.forus.ru,umc@forus.ru,yes,
https://www.forus.ru,personal@forus.ru,yes,
https://leading.uz,info@leading.uz,yes,
https://umsol.ru,support@umsol.ru,yes,
https://umsol.ru,1c@umsol.ru,yes,
https://www.ericos.ru,office@ericos.ru,yes,
https://www.ericos.ru,aib@corp.aib.ru,no,
https://rg-soft.ru,,,
https://www.sfx-tula.ru,sfx@sfx-tula.ru,yes,
https://argos1c.ru,info@argos1c.ru,yes,
https://astana.1cbit.kz,astana@1cbit.ru,no,
https://astana.1cbit.kz,hotlineqz@1cbit.ru,no,
https://www.1c-ksu.ru,1c-ksu@1c-ksu.ru,yes,
https://www.1c-ksu.ru,sales@1c-ksu.ru,yes,
https://www.misoft.by,,,
https://www.softservice.by,1c@softservice.by,yes,
https://www.dialogit.ru,it@dialogit.ru,yes,
https://www.dialogit.ru,hr@dialogit.ru,yes,
https://ufa.1cbit.ru,,,
https://buroit.org,1c@buroit.org,yes,
https://www.firmakin.ru,1c@firmakin.ru,yes,
https://kkmz.ru,info@kkmz.ru,yes,
https://kkmz.ru,info@next.aspro-demo.ru,no,
https://tomsk.1cbit.ru,,,
https://wejet.ru,mail@wejet.ru,yes,
https://wiseadvice-it.ru,welcome@wiseadvice-it.ru,yes,
https://4dk-soft.ru,tlm1c@4dk.ru,no,
https://novosibirsk.1cbit.ru,,,
https://1c-rating.kz,1c-sales-center@1c-rating.kz,yes,
https://1c-rating.kz,zakaz@1c-rating.kz,yes,
https://www.bs1c.ru,,,
https://kazan.ceavt.ru,kazan@ceavt.ru,yes,
https://kazan.ceavt.ru,sale@ceavt.ru,yes,
https://www.ric-1c.ru,,,
https://1c-sapa.kz,sales@1c-sapa.kz,yes,
https://1c-sapa.kz,hotline@1c.kz,no,
https://automate.ru,sale@automate.ru,yes,
https://automate.ru,sverd@automate.ru,yes,
https://automate.ru,vve@automate.ru,yes,
https://automate.ru,hline@automate.ru,yes,
https://automate.ru,marat@automate.ru,yes,
https://averson.by,averson@averson.by,yes,
https://rarus-crimea.ru,sevastopol@rarus.ru,no,
https://rarus-crimea.ru,smb.sev@rarus.ru,no,
https://rarus-crimea.ru,corp.sev@rarus.ru,no,
https://rarus-crimea.ru,hotline.sev@rarus.ru,no,
https://rarus-crimea.ru,its.sev@rarus.ru,no,
https://rarus-crimea.ru,edoc.sev@rarus.ru,no,
https://rarus-crimea.ru,sec.sev@rarus.ru,no,
https://www.gkk.ru,flist@gkk.ru,yes,
https://novoros.1cbit.ru,,,
https://www.avtorsoft.ru,yola@rarus.ru,no,
https://www.programteh.ru,msk@programteh.ru,yes,
https://neosystems.ru,promo@neosystems.ru,yes,
https://www.is.by,info@is.by,yes,
https://www.stavanalit.ru,zakaz@stavanalit.ru,yes,
https://www.stavanalit.ru,doc@stavanalit.ru,yes,
https://b-rs.ru,1c@b-rs.ru,yes,
https://omegafuture.ru,info@omegafuture.ru,yes,
https://omegafuture.ru,commerce@omegafuture.ru,yes,
https://www.auperm.ru,auperm@auperm.ru,yes,
https://www.auperm.ru,berezniki@auperm.ru,yes,
https://www.expert-rzn.ru,hline.expert@mail.ru,no,
https://asoft48.ru,asoft@asoft48.ru,yes,
https://asoft48.ru,hr@asoft48.ru,yes,
https://asoft48.ru,manager@asoft48.ru,yes,
https://asoft48.ru,buh@asoft48.ru,yes,
https://asoft48.ru,elpet@asoft48.ru,yes,
https://www.stiv.ru,,,
https://www.homnet.ru,info@homnet.ru,yes,
https://www.raytec.pro,info@raytec.pro,yes,
https://penza.1cbit.ru,,,
https://www.kaminsoft.ru,,,
https://www.programmaster.ru,,,
https://izhevsk.1cbit.ru,izh@1cbit.ru,yes,
https://www.1c-usoft.ru,1c@1c-usoft.ru,yes,
https://www.prorise.ru,info@prorise.ru,yes,
https://www.vcbalance.ru,info@vcbalance.ru,yes,
https://www.vcbalance.ru,terekhov@vcbalance.ru,yes,
https://www.vcbalance.ru,support@diera.ru,no,
https://www.domino.msk.ru,,,
https://consol-1c.com,consol@consol-1c.com,yes,
https://www.dvsoft.ru,,,
https://www.soft-portal.ru,dms@koderline.com,no,
https://1c.alpha-soft.ru,,,
https://www.corpsoft24.ru,corp@corpsoft24.ru,yes,
https://kostanai.1cbit.kz,kostanai@1cbit.ru,no,
https://kostanai.1cbit.kz,hotlineqz@1cbit.ru,no,
https://itcons76.ru,msk@1c.yar.ru,no,
https://volgograd.1cbit.ru,,,
https://nn.koderline.ru,,,
https://orenburg.1cbit.ru,,,
https://www.gbsoft.by,info@gbsoft.by,yes,
https://gkreshenie.ru,r.resh39@gmail.com,no,
https://www.4isla.ru,it@4isla.ru,yes,
https://balns.ru,info@balns.ru,yes,
https://1soft.by,office@1soft.by,yes,
https://perm.1cbit.ru,perm@1cbit.ru,yes,
https://www.lidersoft21.ru,1c@lidersoft21.ru,yes,
https://www.lidersoft21.ru,lidersoft@gmail.com,no,
https://www.lidersoft21.ru,info@lidersoft21.ru,yes,
https://www.korund-s.ru,info@korund-s.ru,yes,
https://www.fides.uz,info@fides.uz,yes,
https://www.fides.uz,5262652@inbox.ru,no,
https://www.fides.uz,leader.software@mail.ru,no,
https://www.fides.uz,rahmatullo20@mail.ru,no,
https://www.fides.uz,dilshod@uzbalance.uz,no,
https://www.fides.uz,neoinfotech@mail.ru,no,
https://www.gigansk.ru,info@gigansk.ru,yes,
https://cit-ivanovo.ru,1c@ruitb.ru,no,
https://cit-ivanovo.ru,mail@ruitb.ru,no,
https://www.soft-servis.ru,zakaz@soft-servis.ru,yes,
https://www.soft-servis.ru,mail@soft-servis.ru,yes,
https://www.dialogs.kz,info@dialogs.kz,yes,
https://www.dialogs.kz,cso@dialogs.kz,yes,
https://www.dialogs.kz,pvl@dialogs.kz,yes,
https://razdolie.ru,,,
https://www.bcprofit.ru,,,
https://www.gradum.ru,info@gradum.ru,yes,
https://tyumen-soft.ru,info@tyumen-soft.ru,yes,
https://tyumen-soft.ru,its@tyumen-soft.ru,yes,
https://tyumen-soft.ru,kurs@tyumen-soft.ru,yes,
https://tyumen-soft.ru,digital@tyumen-soft.ru,yes,
https://tyumen-soft.ru,grand@tyumen-soft.ru,yes,
https://tyumen-soft.ru,kachestvo@tyumen-soft.ru,yes,
https://tyumen-soft.ru,marketing@tyumen-soft.ru,yes,
https://tyumen-soft.ru,aev@tyumen-soft.ru,yes,
https://tyumen-soft.ru,info@1cmr.ru,no,
https://tyumen-soft.ru,support-edi@1c.ru,no,
https://tyumen-soft.ru,edi@1c.ru,no,
https://tyumen-soft.ru,bizedu@1c.ru,no,
https://tyumen-soft.ru,web-its@1c.ru,no,
https://tyumen-soft.ru,support@1c-cabinet.ru,no,
https://tyumen-soft.ru,dostavka@1c.ru,no,
https://tyumen-soft.ru,bntech@1c.ru,no,
https://tyumen-soft.ru,its-ofd@1c.ru,no,
https://tyumen-soft.ru,testcfg@1c.ru,no,
https://tyumen-soft.ru,online-orders@1c.ru,no,
https://tyumen-soft.ru,1c@astralnalog.ru,no,
https://tyumen-soft.ru,podpis@1c.ru,no,
https://tyumen-soft.ru,support@ocr.1c.ai,no,
https://tyumen-soft.ru,sbp@1c.ru,no,
https://tyumen-soft.ru,sverka@1c.ru,no,
https://tyumen-soft.ru,skaner-chekov@1c.ru,no,
https://tyumen-soft.ru,edo@1c.ru,no,
https://tyumen-soft.ru,support@bidzaar.com,no,
https://tyumen-soft.ru,bidzaar@1c.ru,no,
https://tyumen-soft.ru,info@sellmonitor.com,no,
https://tyumen-soft.ru,hello@smartway.today,no,
https://tyumen-soft.ru,1c@help-cms.ru,no,
https://tyumen-soft.ru,umi@1c.ru,no,
https://tyumen-soft.ru,directbank@1c.ru,no,
https://tyumen-soft.ru,medfresh@1c.ru,no,
https://tyumen-soft.ru,support@cert.1cfresh.com,no,
https://tyumen-soft.ru,gosreg@1c.ru,no,
https://tyumen-soft.ru,itsotr@1c.ru,no,
https://tyumen-soft.ru,prosto@1c.ru,no,
https://tyumen-soft.ru,hline@1c.ru,no,
https://tyumen-soft.ru,support@1cfresh.com,no,
https://tyumen-soft.ru,support@1c.link,no,
https://tyumen-soft.ru,info@1c.link,no,
https://tyumen-soft.ru,med@1c.ru,no,
https://tyumen-soft.ru,cloud-kkt@1c.ru,no,
https://tyumen-soft.ru,support.backup@1c.ru,no,
https://tyumen-soft.ru,backup@1c.ru,no,
https://tyumen-soft.ru,v8@1c.ru,no,
https://tyumen-soft.ru,hotline@1c.ru,no,
https://tyumen-soft.ru,support@1c.ai,no,
https://tyumen-soft.ru,info@rozn.info,no,
https://tyumen-soft.ru,ailab@1c.ru,no,
https://tyumen-soft.ru,support@fincontrol8.ru,no,
https://tyumen-soft.ru,cheki-ofd@1c.ru,no,
https://tyumen-soft.ru,epd@1c.ru,no,
https://tyumen-soft.ru,info@1c-etp.ru,no,
https://1cab.ru,info@1cab.ru,yes,
https://1cab.ru,1c@1cab.ru,yes,
https://1cab.ru,job@1cab.ru,yes,
https://volok.r-av.ru,volok@r-av.ru,yes,
https://volok.r-av.ru,sa@r-av.ru,yes,
https://www.online-ufa.ru,online@online-ufa.ru,yes,
https://www.online-ufa.ru,soft@online-ufa.ru,yes,
https://www.online-ufa.ru,dist@online-ufa.ru,yes,
https://www.online-ufa.ru,its@online-ufa.ru,yes,
https://www.online-ufa.ru,cso@online-ufa.ru,yes,
https://www.online-ufa.ru,fran@online-ufa.ru,yes,
https://www.online-ufa.ru,help@online-ufa.ru,yes,
https://www.online-ufa.ru,uz@online-ufa.ru,yes,
https://www.online-ufa.ru,uuc@online-ufa.ru,yes,
https://www.online-ufa.ru,hard@online-ufa.ru,yes,
https://www.online-ufa.ru,zakaz@online-ufa.ru,yes,
https://softer.ru,tehnosoft@mail.ru,no,
https://softer.ru,mail@example.ru,no,
https://efsol.ru,efsol@efsol.ru,yes,
https://efsol.ru,hrteam@efsol.ru,yes,
https://efsol.ru,email@email.ru,no,
https://tu-don.ru,manager@tu-don.ru,yes,
https://megkom.ru,client@megkom.ru,yes,
https://www.it-cr.ru,,,
https://linecore.ru,info@linecore.ru,yes,
https://www.szv.ru,info@szv.ru,yes,
https://www.tolyatisoft.ru,tol_soft@mail.ru,no,
https://www.razdolie.ru,,,
https://www.rational-it.ru,,,
https://www.biz-it.ru,mail@biz-it.ru,yes,
https://www.firmakit.ru,,,
https://tambov.1cbit.ru,,,
https://www.sys.by,info@sys.by,yes,
https://1c-ant.ru,,,
https://www.1c-pa.ru,info@1c-pa.ru,yes,
https://www.1c-pa.ru,post@pa.ryazan.ru,no,
https://grandproject.ru,info@grandproject.ru,yes,
https://center-forward.ru,,,
https://nfp2b.ru,info@nfp2b.ru,yes,
https://nfp2b.ru,hr@nfp2b.com,no,
https://volga-soft.ru,info@volgograd.volga-soft.ru,no,
https://volga-soft.ru,volgograd@volga-soft.ru,yes,
https://khimki.1cbit.ru,,,
https://kemerovo.1cbit.ru,,,
https://www.balans-s.ru,,,
https://www.amber.spb.ru,,,
https://www.бестсофт.рф,info@bestsoft1c.ru,no,
https://www.jukola.info,office@jukola.info,yes,
https://www.activplus.ru,,,
https://www.mikos.ru,,,
https://1cistline.ru,nsk@1cistline.ru,yes,
https://1cistline.ru,kem@1cistline.ru,yes,
https://1cistline.ru,1c@1cistline.ru,yes,
https://www.akbis.az,,,
https://66soft.ru,mail@1c-nt.ru,no,
https://www.tlink.ru,1c@tlink.ru,yes,
https://www.tlink.ru,zakaz@tlink.ru,yes,
https://plast.com.kz,info@plast.com.kz,yes,
https://plast.com.kz,hline@plast.com.kz,yes,
https://softside.ru,ss@softside.ru,yes,
https://www.kutuzov-it.com,1c@kutuzov-it.com,yes,
https://prominfo.org,info@prominfo.org,yes,
https://1ccl.ru,cl@1ccl.ru,yes,
https://www.logos-k.ru,logos@logos-k.ru,yes,
https://www.status26.ru,,,
https://www.arsansoft.ru,info@arsansoft.ru,yes,
https://spau.ru,info@spau.ru,yes,
https://spau.ru,market@spau.ru,yes,
https://academyka.by,sales@academyka.by,yes,
https://academyka.by,marketing@academyka.by,yes,
https://academyka.by,ivanov@mail.ru,no,
https://www.gelios-s.ru,,,
https://www.1c-ural.ru,sales@1c-ural.ru,yes,
https://www.1c-ural.ru,support@1c-ural.ru,yes,
https://www.1c-ural.ru,class@1c-ural.ru,yes,
https://www.1c-ural.ru,pressa@1c-ural.ru,yes,
https://rauit.ru,info@rauit.ru,yes,
https://rauit.ru,e.przhibysh@rauit.ru,yes,
https://rauit.ru,v.ankudinova@rauit.ru,yes,
https://rauit.ru,a.borodina@rauit.ru,yes,
https://rauit.ru,info@rau-it.ru,no,
https://loza.spb.ru,,,
https://www.portal-yug.ru,mail@portal-yug.ru,yes,
https://www.komkon.ru,sales@komkon.ru,yes,
https://www.komkon.ru,info@komkon.ru,yes,
https://www.izhsm.ru,izhsm@izhsm.ru,yes,
https://ivanovo.koderline.ru,,,
https://www.65555.ru,1c@65555.ru,yes,
https://rosinfo63.ru,1c@rosinfo63.ru,yes,
https://rosinfo63.ru,terin.s@mail.ru,no,
https://rosinfo63.ru,sale@rosinfo63.ru,yes,
https://rosinfo63.ru,its@rosinfo63.ru,yes,
https://ckand.ru,1c@ckand.ru,yes,
https://podolsk.1cbit.ru,,,
https://taxcom.ru,,,
https://rumicon.ru,info@rumicon.ru,yes,
https://vc-lan.ru,1c-sales@c-lan.ru,no,
https://www.khakasia.ru,mail@khakasia.ru,yes,
https://www.khakasia.ru,sales@khakasia.ru,yes,
https://www.khakasia.ru,web@khakasia.ru,yes,
https://www.khakasia.ru,personal@khakasia.ru,yes,
https://www.khakasia.ru,sayanogorsk@khakasia.ru,yes,
https://a-data.pro,info@a-data.pro,yes,
https://www.aksioma-gk.ru,info@aksioma-gk.ru,yes,
https://www.aksioma-gk.ru,00b4f54942614385a4aca45c5f1c9f21@sentry.stepin-design.ru,no,
https://www.avk-system.ru,,,
https://elitesoft.by,info@elitesoft.by,yes,
https://elitesoft.by,support@elitesoft.by,yes,
https://intellect48.ru,sales@intellekt48.ru,no,
https://intellect48.ru,its@intellekt48.ru,no,
https://intellect48.ru,kae@intellekt48.ru,no,
https://intellect48.ru,shalov_av@intellekt48.ru,no,
https://www.1eska.ru,sale@1eska.ru,yes,
https://www.1eska.ru,info@1eska.ru,yes,
https://www.cronas-skt.ru,cronas-skt@bk.ru,no,
https://www.cronas-skt.ru,sales@cronas-skt.ru,yes,
https://vladimir.1cbit.ru,,,
https://www.1cgk.ru,gk@1cgk.ru,yes,
https://konstanta-it.ru,info@konstanta-it.ru,yes,
https://konstanta-it.ru,marketing@standart1c.ru,no,
https://konstanta-it.ru,konstanta@standart1c.ru,no,
https://konstanta-it.ru,email@gmail.com,no,
https://crimea.portal-yug.ru,crimea@portal-yug.ru,yes,
https://cso.sov-teh.ru,cso@sov-teh.ru,yes,
https://cso.sov-teh.ru,dir@sov-teh.ru,yes,
https://www.it-murman.ru,info@it-murman.ru,yes,
https://www.it-murman.ru,rabota@it-murman.ru,yes,
https://prof-itgroup.ru,info@prof-itgroup.ru,yes,
https://www.sitec-it.ru,,,
https://www.softunion.ru,,,
https://it-exp.pro,1c@it-saratov.ru,no,
https://www.proces.ru,sale@proces.ru,yes,
https://www.proces.ru,processor@proces.ru,yes,
https://yaroslavl.1cbit.ru,,,
https://www.vl-k.su,vl-k@vl-k.su,yes,
https://ksapro.ru,info@ksapro.ru,yes,
https://ksapro.ru,mail@example.ru,no,
https://lcgp.ru,info@bcav.ru,no,
https://www.1c-prombez.ru,info@1c-prombez.ru,yes,
https://www.1c-prombez.ru,support@1c-prombez.ru,yes,
https://www.1c-prombez.ru,ashulyak@1c-prombez.ru,yes,
https://www.1c-prombez.ru,mlukash@1c-prombez.ru,yes,
https://www.sinergo.ru,company@sinergo.ru,yes,
https://www.sinergo.ru,sales@sinergo.ru,yes,
https://www.sinergo.ru,1c@sinergo.ru,yes,
https://www.cbib.ru,,,
https://www.favor-it.kz,,,
https://www.buslog.ru,1c@buslog.ru,yes,
https://www.ksb-soft.uz,info@ksb-soft.uz,yes,
https://www.serve-it.ru,info@serve-it.ru,yes,
https://ta-ural.ru,sales@ta-ural.ru,yes,
https://www.stack03.ru,info@1c03.ru,no,
https://datexsoft.ru,info@datexsoft.ru,yes,
https://sigma-it.ru,,,
https://1axbit.ru,,,
https://alterlogo.ru,info@alterlogo.ru,yes,
https://www.arbis29.ru,,,
https://analit.ru,analit@analit.ru,yes,
https://analit.ru,support@analit.ru,yes,
https://itsconsultant.ru,,,
https://www.armex.ru,info@armex.ru,yes,
https://www.armex.ru,email@mail.com,no,
https://www.armex.ru,hotline@armex.ru,yes,
https://www.armex.ru,k@armex.ru,yes,
https://sev.1cbit.ru,,,
https://cba39.ru,1@cba39.ru,yes,
https://cba39.ru,o@cba39.ru,yes,
https://servis-soft.com,info@1c-tambov.ru,no,
https://servis-soft.com,support@1c-tambov.ru,no,
https://www.axelot.ru,info@axelot.ru,yes,
https://www.axelot.ru,sales@axelot.ru,yes,
https://www.axelot.ru,ceo@axelot.ru,yes,
https://www.1c-kato.kg,,,
https://axelsoft.ru,info@axelsoft.ru,yes,
https://piter-soft.ru,info@piter-soft.ru,yes,
https://its-avtomat.ru,its-a@its-avtomat.ru,yes,
https://its-avtomat.ru,cso@its-avtomat.ru,yes,
https://1c.angelsit.ru,1c@angelsit.ru,yes,
https://cit-sites.ru,info@citgk.ru,no,
https://www.yarosoft.ru,info@yarosoft.ru,yes,
https://kripta.ru,info@kripta.ru,yes,
https://nt1c.ru,hline@nt2b.ru,no,
https://www.xyz-1c.ru,1c@xyz-1c.ru,yes,
https://metod-rnd.ru,info@metod-rnd.ru,yes,
https://www.avico.ru,1c@avico.ru,yes,
https://erp.band,sales@erp.band,yes,
https://rdv-it.ru,info@rdv-it.ru,yes,
https://rdv-it.ru,corp@rdv-it.ru,yes,
https://rdv-it.ru,hr@rdv-it.ru,yes,
https://rdv-it.ru,pr@rdv-it.ru,yes,
https://rdv-it.ru,buh@rdv-it.ru,yes,
https://www.exsolcom.kz,info@exsolcom.kz,yes,
https://vernoe.ru,mail@vernoe.ru,yes,
https://vernoe.ru,info@vernoe.ru,yes,
https://vc4dk.ru,1c@gk4dk.ru,no,
https://vc4dk.ru,vap@gk4dk.ru,no,
https://www.binavigator.ru,,,
https://www.byte-1c.ru,,,
https://www.bia-tech.ru,,,
https://itland.ru,info@itland.ru,yes,
https://itland.ru,support@itland.ru,yes,
https://www.221767.ru,zakaz@221767.ru,yes,
https://informp.ru,mail@informp.ru,yes,
https://desnol.ru,info@desnol.ru,yes,
https://www.softs24.ru,,,
https://fto.com.ru,info@fto.com.ru,yes,
https://fto.com.ru,hrteam@fto.com.ru,yes,
https://www.it-capital.ru,info@it-capital.ru,yes,
https://www.it-capital.ru,mycompany@co.com,no,
https://newsite.piit.tech,,,
https://sigma58.ru,info@sigma58.ru,yes,
https://sigma58.ru,srd@sigma58.ru,yes,
https://sigma58.ru,rt@sigma58.ru,yes,
https://www.arida.kz,,,
https://neclab.ru,sale@necsoft.ru,no,
https://www.ksoft-tambov.ru,zakazk_soft@mail.ru,no,
https://www.ksoft-tambov.ru,k_soft@mail.ru,no,
https://www.kras-abs.ru,,,
https://www.soft-plus.ru,inform@soft-plus.ru,yes,
https://itsf.ru,itmail@bk.ru,no,
https://vladivostok.1cbit.ru,,,
https://asoft-it.com,info@asoft-it.com,yes,
https://www.erp-prof.ru,,,
https://www.1cfbuh.ru,,,
https://vegaproject.ru,info@vegaproject.ru,yes,
https://www.inspro.ru,,,
https://www.antegra.ru,info@antegra.ru,yes,
https://elias.ru,mail@elias.ru,yes,
https://1ckab.ru,kab@1ckab.ru,yes,
https://www.rebis-online.ru,info@303333.ru,no,
https://www.lotsman-bt.ru,online@lotsman-bt.ru,yes,
https://msnet.ru,hotline@1cnw.ru,no,
https://msnet.ru,sales@msnet.ru,yes,
https://msnet.ru,study@1cnw.ru,no,
https://adaptasoft.ru,info@adaptasoft.ru,yes,
https://www.satoryomsk.ru,,,
https://maksoft-optima.ru,info@msoptima.ru,no,
https://maksoft-optima.ru,task@msoptima.ru,no,
https://maksoft-optima.ru,kachestvo@msoptima.ru,no,
https://cdr61.ru,office@cdr61.ru,yes,
https://www.infosuite.ru,,,
https://www.tca-tula.ru,info@tca-tula.ru,yes,
https://www.tca-tula.ru,tca@tca-tula.ru,yes,
https://www.tca-tula.ru,tatyana@tca-tula.ru,yes,
https://www.tca-tula.ru,sales@tca-tula.ru,yes,
https://www.tca-tula.ru,dev00@tca-tula.ru,yes,
https://www.compaud.com,,,
https://www.dvlog.ru,,,
https://www.ibtconsult.ru,info@ibtconsult.ru,yes,
https://artitgroup.ru,info@artitgroup.ru,yes,
https://artitgroup.ru,info@myartit.ru,no,
https://www.expert-1c.com,expert@expert-1c.ru,no,
https://www.expert-1c.com,email@mail.ru,no,
https://consult-inform.com,info@consult-inform.com,yes,
https://consult-inform.com,info@cifmail.ru,no,
https://www.x-frame.ru,1c@x-frame.ru,yes,
https://ms1c.ru,info@ms1c.ru,yes,
https://tatitneft.tatneft.ru,info@tatitneft.ru,no,
https://www.garantplus.ru,,,
https://www.585585.ru,1c@585585.ru,yes,
https://www.585585.ru,vsafonova@585585.ru,yes,
https://www.585585.ru,nstrigunova@585585.ru,yes,
https://www.585585.ru,nbykova@585585.ru,yes,
https://www.585585.ru,cso@585585.ru,yes,
https://xn--k1agifj4c.xn--p1ai,info@l-soft.ru,no,
https://optima33.com,info@optima33.com,yes,
https://www.nep-group.ru,order@nep-group.ru,yes,
https://www.ultraunion.ru,sales@ultraunion.ru,yes,
https://www.sobiz24.ru,info@sobiz24.ru,yes,
https://www.sobiz24.ru,info@sobiz.online,no,
https://aykt.ru,info@aykt.ru,yes,
https://aykt.ru,info@a-ykt.ru,no,
https://implecs.ru,info@implecs.ru,yes,
https://implecs.ru,g.haneeva@implecs.ru,yes,
https://implecs.ru,r.kucherova@implecs.ru,yes,
https://ibr-kazan.ru,sales@ibr-kazan.ru,yes,
https://www.kt-alkogol.ru,kt@kt-alkogol.ru,yes,
https://www.buh44.ru,org@buh44.ru,yes,
https://www.orticongroup.ru,1c@orticongroup.ru,yes,
https://www.orticongroup.ru,hline@orticongroup.ru,yes,
https://krasnogorsk.1cbit.ru,study@1cbit.ru,yes,
https://krasnogorsk.1cbit.ru,kras@1cbit.ru,yes,
https://krasnogorsk.1cbit.ru,1c@1cbit.ru,yes,
https://krasnogorsk.1cbit.ru,fs@1cbit.ru,yes,
https://krasnogorsk.1cbit.ru,voice.ai@1cbit.ru,yes,
https://krasnogorsk.1cbit.ru,auc-spb@1cbit.ru,yes,
https://krasnogorsk.1cbit.ru,eo-mo@abt.ru,no,
https://krasnogorsk.1cbit.ru,regform@abt.ru,no,
https://krasnogorsk.1cbit.ru,projectm4@1cbit.ru,yes,
https://mrcheck.ru,sale@mrcheck.ru,yes,
https://1c-server.kz,ccserver@mail.ru,no,
https://fran21.ru,main@fran21.ru,yes,
https://yoshkar-ola.1cbit.ru,,,
https://www.msltd.ru,,,
https://t-inform.ru,krasnodar@t-inform.ru,yes,
https://www.omnitech.ru,info@omnitech.ru,yes,
https://www.1c-kpd.ru,info@1c-kpd.ru,yes,
https://adinex.ru,info@it-lims.ru,no,
https://www.link-service.ru,link@link-service.ru,yes,
https://www.link-service.ru,moscow@link-service.ru,yes,
https://astondevs.ru,info@astondevs.ru,yes,
https://sla-v.ru,info@sla-v.ru,yes,
https://www.itrp.ru,1c@itrp.ru,yes,
https://www.itrp.ru,1@mail.ru,no,
https://www.als-krsn.ru,,,
https://support.infostart.ru,support@infostart.ru,yes,
https://1с-ижтиси.рф,sale@1c-izhtc.ru,no,
https://trio-1c.ru,crm@trio-1c.ru,yes,
https://www.kiji.ru,kiji@kiji.ru,yes,
https://www.kiji.ru,cso@kiji.ru,yes,
https://www.kiji.ru,torg@kiji.ru,yes,
https://www.kiji.ru,xxx@xxx.xxx,no,
https://1cnc.ru,,,
https://axm.kz,,,
https://www.syspod.ru,mail@syspod.ru,yes,
https://tnext.ru,sales@tnext.ru,yes,
https://www.softmaster.kz,info@softmaster.kz,yes,
https://www.grnt.ru,info@grnt.ru,yes,
https://geones.ru,geospektor.1c@yandex.ru,no,
https://ekos-spb.ru,,,
https://raketa.im,start@raketa.im,yes,
https://www.kopak.ru,kopak@kopak.ru,yes,
https://www.ard-service.ru,,,
https://www.intechsoft.ru,info@intechsoft.ru,yes,
https://activelogic.ru,info@activelogic.ru,yes,
https://activelogic.ru,marketing@activelogic.ru,yes,
https://activelogic.ru,sd@activelogic.ru,yes,
https://www.diocon.ru,info@diocon.ru,yes,
https://www.soft.umans.ru,umans@umans.ru,yes,
https://www.avt-1c.ru,,,
https://scloud.ru,help@scloud.ru,yes,
https://www.integrate1c.ru,,,
https://uptime39.ru,info@uptime39.ru,yes,
https://it-1c.ru,it@it-1c.ru,yes,
https://it-1c.ru,amakarov@it1c.com,no,
https://nordis29.ru,,,
https://erpcompany.kz,office@erpcompany.kz,yes,
https://profit48.ru,info@profit48.ru,yes,
https://www.reshenie-n.ru,office@reshenie-n.ru,yes,
https://sofros.ru,info@sofros.ru,yes,
https://sofros.ru,esb_support@sofros.ru,yes,
https://sofros.ru,support@sofros.ru,yes,
https://sofros.ru,ceo@sofros.ru,yes,
https://pgram.ru,info@pgram.ru,yes,
https://pgram.ru,1c@pgram.ru,yes,
https://pgram.ru,gz@pgram.ru,yes,
https://pgram.ru,eamirova@pgram.ru,yes,
https://pgram.ru,edu@pgram.ru,yes,
https://www.soft.natm.ru,1c@soft-vn.ru,no,
https://www.astele.ru,,,
https://systema-plus.ru,systema@systema-plus.ru,yes,
https://systema-plus.ru,onec@anapa1c.ru,no,
https://www.e-s.by,crm@e-s.by,yes,
https://www.soft-everest.ru,info@soft-everest.ru,yes,
https://www.soft-everest.ru,7034242@mail.ru,no,
https://vprogers.ru,1c@koderline.com,no,
https://vprogers.ru,1c@vprogers.ru,yes,
https://www.bsomsk.ru,,,
https://www.itsdv.ru,,,
https://itplatforma.ru,mail@itplatforma.ru,yes,
https://www.ads-soft.ru,sale@ads-soft.ru,yes,
https://www.ads-soft.ru,support@ads-soft.ru,yes,
https://www.ads-soft.ru,mfo_kpk@ads-soft.ru,yes,
https://www.ads-soft.ru,lombard@ads-soft.ru,yes,
https://940000.ru,info@940000.ru,yes,
https://940000.ru,1cbo@940000.ru,yes,
https://www.alsoft.spb.ru,,,
https://www.vdc-1c.ru,,,
https://www.aiggroup.ru,,,
https://www.katran-psk.ru,info@katran-psk.ru,yes,
https://1cniki.ru,,,
https://tehinform.pro,1c@tehinform.pro,yes,
https://isvs1c.ru,info@isvs1c.ru,yes,
https://www.obsidian1c.ru,,,
https://www.softassistant.ru,,,
https://practicon.ru,info@practicon.ru,yes,
https://apis21.com,,,
https://www.uik.su,info@uik.su,yes,
https://www.uik.su,tyurin@uik.su,yes,
https://www.uik.su,karpekina@uik.su,yes,
https://www.uik.su,vorosova@uik.su,yes,
https://www.uik.su,bodrova@uik.su,yes,
https://www.ruresh.ru,welcome@ruresh.ru,yes,
https://www.ruresh.ru,andrey.vladimirov@ruresh.ru,yes,
https://www.ruresh.ru,example@domain.ru,no,
https://itbsc.ru,bsc@kamaz.ru,no,
https://itbsc.ru,compliance@kamaz.org,no,
https://www.vaniev.kz,info@vaniev.kz,yes,
https://fr.magdv.com,1c@magdv.com,yes,
https://fr.magdv.com,maginfo@magdv.com,yes,
https://1ccrm.com,,,
https://acsys.by,sales@acsys.by,yes,
https://acsys.by,support@acsys.by,yes,
https://www.chernozemie-inteko.ru,,,
https://www.geosoft-ek.ru,info@geosoft-ek.ru,yes,
https://aitis.pro,1c@aitis.pro,yes,
https://www.boatswain.ru,,,
https://www.infotex.ru,mail@infotex.ru,yes,
https://www.infotex.ru,servise@infotex.ru,yes,
https://www.infotex.ru,service@infotex.ru,yes,
https://wels1c.ru,sale.wels@yandex.ru,no,
https://www.umko.ru,,,
https://iasdigital.ru,digital@i-ias.ru,no,
https://iasdigital.ru,info.digital@i-ias.ru,no,
https://www.aktorg.ru,sales@aktorg.ru,yes,
https://bexpert.ru,generalovao@bexpert.ru,yes,
https://bexpert.ru,martyshovao@bexpert.ru,yes,
https://bexpert.ru,likhoborovan@bexpert.ru,yes,
https://bexpert.ru,zhukoval@bexpert.ru,yes,
https://bexpert.ru,kuleshovb@bexpert.ru,yes,
https://mllm.group,marketing@mllm.group,yes,
https://mllm.group,hr@mllm.group,yes,
https://mllm.group,sales@mllm.group,yes,
https://www.1c-kb.ru,,,
https://it-expertise.ru,info@it-expertise.ru,yes,
https://www.cinimex.ru,info@cinimex.ru,yes,
https://www.legasoft.ru,info@legasoft.ru,yes,
https://mkskom.ru,feedback@mkskom.ru,yes,
https://cmptm.ru,,,
https://tak-soft.ru,info@tak-soft.ru,yes,
https://www.oreluchet.ru,1c@oreluchet.ru,yes,
https://it.kscgroup.ru,kscit@kscgroup.ru,yes,
https://insarco.kz,,,
https://www.helix-group.ru,info@helix-group.ru,yes,
https://www.helix-group.ru,support@helix-group.ru,yes,
https://r-av.ru,info@r-av.ru,yes,
https://r-av.ru,sa@r-av.ru,yes,
https://www.pcs.ru,,,
https://www.1cps.ru,commerce@1cps.ru,yes,
https://www.1cps.ru,elevator@1cps.ru,yes,
https://www.1cps.ru,au@1cps.ru,yes,
https://www.1cps.ru,esio@1cps.ru,yes,
https://www.1cps.ru,geos@1cps.ru,yes,
https://www.1cps.ru,gos@1cps.ru,yes,
https://bytechsoft.by,1sale@bytechs.by,no,
https://itlogin.ru,manager@itlogin.ru,yes,
https://www.free-solutions.net,sales@free-solutions.net,yes,
https://www.free-solutions.net,info@free-solutions.net,yes,
https://dmm-it.ru,,,
https://set-r.ru,info@set-r.ru,yes,
https://rostov.programteh.ru,rostov@programteh.ru,yes,
https://www.audit-escort.ru,escort@audit-escort.ru,yes,
https://www.audit-escort.ru,marketing@audit-escort.ru,yes,
https://bizgrade.ru,hello@bizgrade.ru,yes,
https://bizgrade.ru,info@bizgrade.ru,yes,
https://it-its.ru,sales@it-its.ru,yes,
https://delotech.ru,ethic@delotech.ru,yes,
https://delotech.ru,sb@delotech.ru,yes,
https://delotech.ru,info@delotech.ru,yes,
https://delotech.ru,rozhkov.v@delotech.ru,yes,
https://crimea.legasoft.ru,crimea@legasoft.ru,yes,
https://crimea.legasoft.ru,info@legasoft.ru,yes,
https://www.kv-plata.ru,market@kv-plata.ru,yes,
https://www.kv-plata.ru,server@kv-plata.ru,yes,
https://www.profit1s.ru,,,
https://vckonstanta.com,support@vckonstanta.com,yes,
https://vckonstanta.com,info@vckonstanta.com,yes,
https://vckonstanta.com,job@vckonstanta.com,yes,
https://it-soft.ru,office@it-soft.ru,yes,
https://www.contact-vc.ru,1c@contact-vc.ru,yes,
https://ardis-group.su,,,
https://www.kskd.net,its@kskd.net,yes,
https://www.kskd.net,info@kskd.net,yes,
https://it-sirius.ru,order@it-sirius.ru,yes,
https://it-sirius.ru,info@mail.ru,no,
https://www.runa.ru,runa@runa.ru,yes,
https://www.runa.ru,goryuchkin.v@runa.ru,yes,
https://www.runa.ru,orlov_m@runa.ru,yes,
https://www.runa.ru,serg_m@runa.ru,yes,
https://www.runa.ru,kotov_i@neobuh.ru,no,
https://www.runa.ru,arzumanyan_t@runa.ru,yes,
https://www.runa.ru,medvedeva_n@runa.ru,yes,
https://www.runa.ru,patsyuk_i@runa.ru,yes,
https://www.runa.ru,galkina.e@runa.ru,yes,
https://www.runa.ru,korotaeva_y@runa.ru,yes,
https://doc-1c.ru,zakaz@doc-1c.ru,yes,
https://doc-1c.ru,zakaz@doc-market.ru,no,
https://www.sorokinltd.ru,,,
https://bytenet.ru,sales@bytenet.ru,yes,
https://www.it-sochi.ru,info@it-sochi.ru,yes,
https://www.custom-group.ru,,,
https://www.automacon.ru,its@automacon.ru,yes,
https://www.automacon.ru,infosec@automacon.ru,yes,
https://admin-samara.ru,1c@admin-samara.ru,yes,
https://admin-samara.ru,sales@admin-samara.ru,yes,
https://3c-samara.ru,1c@3c-samara.ru,yes,
https://www.bestsoft.az,office@bestsoft.az,yes,
https://www.bestsoft.az,sales@bestsoft.az,yes,
https://www.bestsoft.az,hr@bestsoft.az,yes,
https://garmonie.ru,info@garmonie.ru,yes,
https://www.lbs-it.ru,mail@lbs-it.ru,yes,
https://www.lbs-it.ru,zakaz@lbs-it.ru,yes,
https://www.koderline.kz,,,
https://alabait.ru,sale@alabait.ru,yes,
https://www.1pro.by,office@1pro.by,yes,
https://mastersoft.ru,,,
https://neoinfotech.uz,,,
https://www.keysoftadvisor.com,info@constructor.ru,no,
https://www.keysoftadvisor.com,info@keysoftadvisor.com,yes,
https://1c.digchoice.ru,info@digchoice.ru,yes,
https://astersoft.by,info@astersoft.by,yes,
https://www.acco.ru,,,
https://oksi.pro,info@oksi.pro,yes,
https://oksi.pro,oksi@oksi.pro,yes,
https://www.keys-teh.ru,info@keys-teh.ru,yes,
https://absoft.uz,info@absoft.uz,yes,
https://coderus.ru,,,
https://algoritm35.ru,opt@algoritm35.ru,yes,
https://www.alpha-s.ru,1c@alpha-s.ru,yes,
https://1c.itplan.ru,1c@itplan.ru,yes,
https://www.scmcs.ru,,,
https://www.it-ac.ru,zakaz@it-ac.ru,yes,
https://www.lcg39.ru,,,
https://www.pmkbuh.ru,mail@pmkbuh.ru,yes,
https://profi-soft.kz,zakaz@profi-soft.kz,yes,
https://fregat-vc.ru,prod@fregat-vc.ru,yes,
https://bf19.ru,abakan@bf19.ru,yes,
https://artsaterra.ru,info@artsaterra.ru,yes,
https://bit-it.ru,,,
https://smartpo.ru,info@smartpo.ru,yes,
https://www.consulting.ites.ru,,,
https://cpa-1c.ru,bs@1cbizmo.ru,no,
https://www.its22.ru,sales@its22.ru,yes,
https://www.dpo-it.ru,dpo-it@inbox.ru,no,
https://www.irbis-group.ru,,,
https://gf-fin.ru,we@gf-fin.ru,yes,
https://itc174.ru,info@itc174.ru,yes,
https://itc174.ru,info@itc-service.ru,no,
https://abcraftgroup.ru,office@abcraft.ru,no,
https://abcraftgroup.ru,prim@abcraft.ru,no,
https://www.ba-it.uz,sales@ba-it.uz,yes,
https://wisys.ru,,,
https://www.iservice.ru,info@iservice.ru,yes,
https://www.iservice.ru,zc2@p3po.ru,no,
https://www.iservice.ru,dmpro@iservice.ru,yes,
https://www.iservice.ru,rozhkova@iservice.ru,yes,
https://www.iservice.ru,lab@iservice.ru,yes,
https://www.iservice.ru,mav@iservice.ru,yes,
https://www.iservice.ru,kev@iservice.ru,yes,
https://cskz.kz,,,
https://baikalsoft.ru,sales@baikalsoft.ru,yes,
https://baikalsoft.ru,its@baikalsoft.ru,yes,
https://baikalsoft.ru,1cbo@baikalsoft.ru,yes,
https://baikalsoft.ru,elena.d@baikalsoft.ru,yes,
https://baikalsoft.ru,vera@baikalsoft.ru,yes,
https://byte-szr.ru,sales@byte-szr.ru,yes,
https://byte-szr.ru,info@byte-szr.ru,yes,
https://alta-krd.ru,mail@alta-krd.ru,yes,
https://www.eska.kz,2b@eska.kz,yes,
https://products.businesstech.store,,,
https://softyou.ru,sale@softyou.ru,yes,
https://softyou.ru,support@softyou.ru,yes,
https://softyou.ru,top@softyou.ru,yes,
https://softyou.ru,its@softyou.ru,yes,
https://softyou.ru,1cbo@softyou.ru,yes,
https://www.nevasoft.ru,office@nevasoft.ru,yes,
https://1c-galex.ru,1c@1c-galex.ru,yes,
https://www.bdosolutions.ge,,,
https://www.xn--80aamepirk0alv4l.xn--p1ai,,,
https://scs.kz,,,
https://vnedriupp.tech,info@vnedriupp.ru,no,
https://corada.ru,info@corada.ru,yes,
https://corada.ru,spb@corada.ru,yes,
https://adex-it.ru,info@adex-it.ru,yes,
https://adex-it.ru,pr@adex-it.ru,yes,
https://sistema-plus.su,zakaz@sistema-plus.su,yes,
https://sistema-plus.su,support@sistema-plus.su,yes,
https://sistema-plus.su,example@gmail.com,no,
https://marco.az,computer@marco.az,yes,
https://www.itsakh.ru,infotech@sakhalin.ru,no,
https://www.itsakh.ru,manager@itsakh.ru,yes,
https://www.itsakh.ru,235050@itsakh.ru,yes,
https://www.itsakh.ru,1c@itsakh.ru,yes,
https://www.itsakh.ru,it@itsakh.ru,yes,
https://www.itsakh.ru,its@itsakh.ru,yes,
https://mavlad.ru,order@mavlad.ru,yes,
https://www.info-line.ru,info@info-line.ru,yes,
https://www.info-line.ru,dubv@info-line.ru,yes,
https://2drt.ru,support@2drt.ru,yes,
https://kompresh.ru,market@aspj.ru,no,
https://www.aviant.ru,sale@aviant.ru,yes,
https://www.aviant.ru,info@aviant.ru,yes,
https://www.aviant.ru,buh@aviant.org,no,
https://dtst.su,info@dtst.su,yes,
https://it-vdonsk.ru,info@it-vdonsk.ru,yes,
https://garantsoft.com,garant@garantsoft.com,yes,
https://amega.systems,,,
https://www.sts.su,1c@sts.su,yes,
https://profitdv1c.ru,zakaz@profitdv1c.ru,yes,
https://www.ba58.ru,info@ba58.ru,yes,
https://828systems.ru,name@site.ru,no,
https://828systems.ru,info@828systems.ru,yes,
https://www.itgroup.pro,it@itgroup.pro,yes,
https://www.itgroup.pro,cso@itgroup.pro,yes,
https://www.itgroup.pro,efadeev@itgroup.pro,yes,
https://www.itgroup.pro,rhabibullin@itgroup.pro,yes,
https://www.itgroup.pro,web@itgroup.pro,yes,
https://www.itgroup.pro,akorneeva@itgroup.pro,yes,
https://www.itgroup.pro,mfadeeva@itgroup.pro,yes,
https://www.itgroup.pro,1c@itgroup.pro,yes,
https://www.itgroup.pro,sales@itgroup.pro,yes,
https://solution.loodsen.ru,,,
https://www.sednagroup.ru,sedna.servis@sednagroup.ru,yes,
https://www.sednagroup.ru,sedna.servis@mail.ru,no,
https://www.vesuchet.ru,vesuchet@vesuchet.ru,yes,
https://www.vesuchet.ru,info@vesuchet.ru,yes,
https://www.vesuchet.ru,vesuchet91@yandex.ru,no,
https://www.softb.ru,mail@softb.ru,yes,
https://icgroups.az,office@icgroups.az,yes,
https://1c.gke.kz,v8@1c.ru,no,
https://1c.gke.kz,hotline@1c.kz,no,
https://1c.gke.kz,prothemes.net@gmail.com,no,
https://1c.gke.kz,info@gke.kz,yes,
https://www.cobus.ru,,,
https://www.poproekt.ru,mail@poproekt.ru,yes,
https://www.poproekt.ru,its@poproekt.ru,yes,
https://www.poproekt.ru,sale@poproekt.ru,yes,
https://www.amilen.ru,office@amilen.ru,yes,
https://www.amilen.ru,support@amilen.ru,yes,
https://www.amilen.ru,buh@amilen.ruu,no,
https://www.amilen.ru,buh@amilen.ru,yes,
https://www.algoritm.com.ru,,,
https://cabinet.bellerage.ru,kedo@bellerage.com,no,
https://itllekt.ru,mail@itllekt.ru,yes,
https://www.smartex.by,info@smartex.by,yes,
https://www.vivat-iq.ru,,,
https://пт.москва,,,
https://www.elitek.ru,,,
https://www.paltusov.ru,sales@paltusov.ru,yes,
https://www.paltusov.ru,alexey@paltusov.ru,yes,
https://www.paltusov.ru,centr-1c@mail.ru,no,
https://www.paltusov.ru,its@paltusov.ru,yes,
https://www.paltusov.ru,restoran@paltusov.ru,yes,
https://dialogsoft.biz,sales@dialogsoft.biz,yes,
https://igvlg.ru,1c@igvlg.ru,yes,
https://igvlg.ru,doc@igvlg.ru,yes,
https://awarus.ru,info@awarus.ru,yes,
https://1vip.ru,info@1vip.ru,yes,
https://ec-1c.ru,1c@enginf.ru,no,
https://ec-1c.ru,mail@ec-1c.ru,yes,
https://ec-1c.ru,username@gmail.com,no,
https://www.algo-soft.ru,,,
https://xn--03-clcqjf0b7a.xn--p1ai,,,
https://www.1service.ru,info@1service.ru,yes,
https://www.1service.ru,sales@1service.ru,yes,
https://fincube.uz,info@fincube.uz,yes,
https://fincube.uz,you@company.uz,no,
https://elrosta.ru,elros@elrosta.ru,yes,
https://elrosta.ru,iso@elrosta.ru,yes,
https://www.analitgroup.ru,,,
https://www.alor-inteh.ru,info@alor-inteh.ru,yes,
https://cds-co.ru,info@cds-co.ru,yes,
https://www.maple.ru,1c@maple.ru,yes,
https://www.maple.ru,info@maple.ru,yes,
https://www.maple.ru,service@maple.ru,yes,
https://www.ss-ps.kz,,,
https://vc-bsoft.ru,info@vc-bsoft.ru,yes,
https://softprogress.ru,info@softprogress.ru,yes,
https://mrcheck-1c.ru,info@ves841n3.beget.tech,no,
https://mrcheck-1c.ru,kazan@mrcheck.ru,no,
https://www.pra.ru,info@pra.ru,yes,
https://www.it69.ru,,,
https://it-leader.org,info@it-leader.org,yes,
https://www.au-elista.ru,info@au-elista.ru,yes,
https://platansoft.ru,,,
https://www.systems36.ru,systems36@mail.ru,no,
https://www.systems36.ru,info@systems36.ru,yes,
https://buhpro.com,,,
https://www.metr-group.ru,,,
https://bugs-busters.ru,,,
https://geosoft-plus.ru,,,
https://it-prof.by,office@it-prof.by,yes,
https://it-prof.by,bitrix@it-prof.by,yes,
https://it-prof.by,support@it-prof.by,yes,
https://1-progress.kz,a.pastukhov@1-progress.kz,yes,
https://1-progress.kz,h.a@1-progress.kz,yes,
https://1-progress.kz,info@1-progress.kz,yes,
https://1-progress.kz,y.ugolkov@1-progress.kz,yes,
https://www.it-lite.ru,sales@it-lite.ru,yes,
https://www.it-lite.ru,support@it-lite.ru,yes,
https://www.it-lite.ru,partner@it-lite.ru,yes,
https://www.abs-soft.ru,,,
https://infocompskov.ru,info@infocompskov.ru,yes,
https://infocompskov.ru,mail@mail.com,no,
https://infocompskov.ru,nefedov@infocompskov.ru,yes,
https://sevcbib.ru,,,
https://itfmobil.ru,kom@itfirm.ru,no,
https://www.itdeploy.ru,contact@itdeploy.ru,yes,
https://www.itdeploy.ru,example@saprun.com,no,
https://binom-perm.ru,mail@binom-perm.ru,yes,
https://pkbasu.by,sales@pkbasu.by,yes,
https://pkbasu.by,16@pkbasu.by,yes,
https://pkbasu.by,pkbasu@pkbasu.by,yes,
https://pkbasu.by,kladovpv@pkbasu.by,yes,
https://in-grp.1c-umi.ru,,,
https://agros-it.ru,agroservice-it@mail.ru,no,
https://agros-it.ru,agros-it@mail.ru,no,
https://www.1c-victory.ru,info@1c-victory.ru,yes,
https://www.1c-victory.ru,example@mail.com,no,
https://www.1c-victory.ru,spb@1c-victory.ru,yes,
https://balanceprof.ru,info@balanceprof.ru,yes,
https://iotos.dev,info@iotos.ru,no,
https://iotos.dev,fran@iotos.ru,no,
https://mirico.uz,info@mirico.uz,yes,
https://rosskey.ru,as@rosskey.ru,yes,
https://rosskey.ru,1c@rosskey.ru,yes,
https://www.ecufa.ru,1c@ecufa.ru,yes,
https://resconcept.ru,info@resconcept.ru,yes,
https://resconcept.ru,info@westconcept.ru,no,
https://www.1c.perm.ru,,,
https://www.sisystem.ru,sales@sisystem.ru,yes,
https://intellect-resurs.ru,info@intellect-resurs.ru,yes,
https://solvix72.ru,info@kpp72.ru,no,
https://e-economy.by,info@e-economy.by,yes,
https://e-economy.by,corp@e-economy.by,yes,
https://www.softrum.ru,info@softrum.ru,yes,
https://at-1c.ru,1c@at-nn.ru,no,
https://us-prm.ru,sales@us-prm.ru,yes,
https://g-kit.ru,primer@mail.ru,no,
https://g-kit.ru,info@g-kit.ru,yes,
https://brest.1cbit.by,info@1cbit.by,yes,
https://1c.nav-it.ru,,,
https://vclis.ru,sale@vclis.ru,yes,
https://www.sodrk.ru,all@sodrk.ru,yes,
https://expert-tsk.ru,,,
https://1solution.uz,info@1solution.uz,yes,
https://www.aspektorg.ru,info@aspektorg.ru,yes,
https://www.solitonkg.ru,info@solitonkg.ru,yes,
https://www.koladigesta.ru,,,
https://www.it-kamp.ru,,,
https://www.simbirsoft.com,request@simbirsoft.com,yes,
https://www.simbirsoft.com,info@simbirsoft.com,yes,
https://www.simbirsoft.com,name@example.ru,no,
https://www.sorus.su,company@sorus.su,yes,
https://balans-soft.ru,,,
https://1cnova.ru,,,
https://legionsecurity.ru,legion@legionsecurity.ru,yes,
https://legionsecurity.ru,e.grishin@legion-pv.ru,no,
https://1cvp.ru,info@1cvp.ru,yes,
https://pstrateg.ru,msk@pstrateg.ru,yes,
https://pstrateg.ru,yus@pstrateg.ru,yes,
https://pstrateg.ru,spb@pstrateg.ru,yes,
https://analitica-soft.ru,welcome@analitica.ru,no,
https://bit-its.ru,bit-its@it4b.su,no,
https://bit-its.ru,biznesit.bratsk@gmail.com,no,
https://bit-its.ru,hotline@it4b.su,no,
https://ask-prof.ru,ask@ask-prof.ru,yes,
https://www.usk.ru,info@usk.ru,yes,
https://www.usk.ru,moscow@usk.ru,yes,
https://www.usk.ru,krasnodar@usk.ru,yes,
https://www.usk.ru,voronezh@usk.ru,yes,
https://www.usk.ru,saratov@usk.ru,yes,
https://www.usk.ru,vladimir@usk.ru,yes,
https://bellitm.com,info@bellitm.com,yes,
https://one-erp.ru,,,
https://www.softlab.su,support@softlab.su,yes,
https://ritso.ru,am@ritzio.com,no,
https://ritso.ru,am@ritso.ru,yes,
https://rarus.uz,uz@rarus.ru,no,
https://rarus.uz,k@rarus.ru,no,
https://www.iq-service.ru,info@iq1c.ru,no,
https://orus.biz,info@orus.biz,yes,
https://kompa-s.ru,kons@kompa-s.ru,yes,
https://it48.ru,info@it48.ru,yes,
https://evion-hr.ru,sale@ev-group.ru,no,
https://ask-in.ru,info@ask-in.ru,yes,
https://budgetplus.ru,budgetpls@yandex.ru,no,
https://cpo-status.ru,cpo_status@mail.ru,no,
https://1c.itat.ru,1c@i-tat.ru,no,
https://софтинфо.рф,soft-info@rambler.ru,no,
https://cdo-global.ru,name@example.ru,no,
https://cdo-global.ru,info@cdo-global.ru,yes,
https://cdo-global.ru,name@university.ru,no,
https://sotis-it.ru,,,
https://it-tyumen.ru,1c@in-tech.ru,no,
https://bsrpro.ru,office@bsrpro.ru,yes,
https://www.sovetnik44.ru,info@cov1c.ru,no,
https://www.comp-t.ru,comp_tech@list.ru,no,
https://ka35.ru,,,
https://aliit.ru,info@aliit.ru,yes,
https://www.smart-tek.ru,,,
https://www.git-c.ru,info@it-metrica.ru,no,
https://futureit.ru,sales@futureit.ru,yes,
https://globalmes.ru,info@globalmes.ru,yes,
https://lprit.ru,info@lprit.ru,yes,
https://www.impuls-ivc.ru,d1@impuls-ivc.ru,yes,
https://www.impuls-ivc.ru,butl@impuls-ivc.ru,yes,
https://www.impuls-ivc.ru,d3@impuls-ivc.ru,yes,
https://www.impuls-ivc.ru,d8@impuls-ivc.ru,yes,
https://www.impuls-ivc.ru,d5@impuls-ivc.ru,yes,
https://www.impuls-ivc.ru,impuls@impuls-ivc.ru,yes,
https://www.impuls-ivc.ru,order@impuls-ivc.ru,yes,
https://www.impuls-ivc.ru,hline@impuls-ivc.ru,yes,
https://www.impuls-ivc.ru,lan@impuls-ivc.ru,yes,
https://www.impuls-ivc.ru,rkr@impuls-ivc.ru,yes,
https://www.impuls-ivc.ru,partner@impuls-ivc.ru,yes,
https://sr74.ru,infosr74@yandex.ru,no,
https://sr74.ru,office@sr74.ru,yes,
https://www.ershovcenter.ru,info@ershovcenter.ru,yes,
https://bstek.ru,info@bstek.ru,yes,
https://mial-soft.ru,mial-soft@mail.ru,no,
https://ivbvgroup.ru,info@ivbvgroup.ru,yes,
https://bcobninsk.ru,inbox@bcobninsk.ru,yes,
https://bcobninsk.ru,1cbo@bcobninsk.ru,yes,
https://bcobninsk.ru,olga88@yandex.ru,no,
https://softteampro.uz,info@softteampro.uz,yes,
https://www.rit-group.ru,client@rit-group.ru,yes,
https://agrosoft.ru,,,
https://1concept.ru,info@1concept.ru,yes,
https://net-consult.ru,sales@net-consult.ru,yes,
https://portal-z.ru,manager@portal-z.ru,yes,
https://cleverbp.ru,help@cleverbp.ru,yes,
https://www.kiasoft.ru,,,
https://osnova-it.ru,info@osnova-it.ru,yes,
https://itob.ru,info@itob.ru,yes,
https://itob.ru,sale@itob.ru,yes,
https://itob.ru,support@itob.ru,yes,
https://www.itburo.org,itburo@yandex.ru,no,
https://www.itburo.org,info@itburo.org,yes,
https://www.itburo.org,itburo@ya.ru,no,
https://logasoftspb.ru,sale@logasoft.ru,no,
https://logasoftspb.ru,centr1c-spb@logasoft.ru,no,
https://www.vachkons.ru,eov@vachkons.ru,yes,
https://www.1c2b.ru,,,
https://daxgroup.kz,info@daxgroup.ru,no,
https://daxgroup.kz,info@daxgroup.kg,no,
https://daxgroup.kz,info@dax-group.kz,no,
https://com-pro.ru,info@com-pro.ru,yes,
https://www.its-centr.org,,,
https://bp1c.ru,businesspuls.1c@gmail.com,no,
https://1c.rssib.ru,,,
https://gem.kz,gem@gem.kz,yes,
https://www.evminform.ru,mail@evminform.ru,yes,
https://nastroyss.ru,info@lgks.ru,no,
https://24specialist.ru,mail@24specialist.ru,yes,
https://tlt-soft.ru,,,
https://yurgasoft.ru,,,
https://www.alarna.com,,,
https://itrang.ru,info@itrang.ru,yes,
https://binom.systems,,,
https://bmt1c.ru,info@bmt1c.ru,yes,
https://bmt1c.ru,support@bmt1c.ru,yes,
https://1cca.ru,zakaz@1cca.ru,yes,
https://xn----7sbybc6agioz.xn--p1ai,office@it-profi.su,no,
https://www.geekspace.ru,zapros@geekspace.ru,yes,
https://www.geekspace.ru,marketing@geekspace.ru,yes,
https://www.geekspace.ru,partners@geekspace.ru,yes,
https://elit1c.ru,info@elit1c.ru,yes,
https://prof-it.ru,helpdesk@prof-it.ru,yes,
https://prof-it.ru,haleevra@prof-it.ru,yes,
https://prof-it.ru,irene@prof-it.ru,yes,
https://prof-it.ru,olga@prof-it.ru,yes,
https://prof-it.ru,koulych@prof-it.ru,yes,
https://prof-it.ru,smeta@prof-it.ru,yes,
https://prof-it.ru,monro1982@mail.ru,no,
https://prof-it.ru,igor@coffeestudio.ru,no,
https://105.ooo,105@koderline.com,no,
https://105.ooo,vovodkov@koderline.com,no,
https://105.ooo,ovodkovv@yandex.ru,no,
https://www.uvelirsoft.ru,info@uvelirsoft.ru,yes,
https://www.uvelirsoft.ru,hotline@uvelirsoft.ru,yes,
https://www.uvelirsoft.ru,makd@uvelirsoft.ru,yes,
https://1c.platforma-it.ru,info@5547.ru,no,
https://1c.platforma-it.ru,zakaz@5547.ru,no,
https://1c.platforma-it.ru,support@5547.ru,no,
https://1c.platforma-it.ru,info@platforma-it.ru,yes,
https://www.kac.kz,kac@kac.kz,yes,
https://www.kac.kz,astana@kac.kz,yes,
https://www.kac.kz,info@wa-kac.com,no,
https://www.kac.kz,sulimiy@kac.kz,yes,
https://sps-office.ru,sps-office@mail.ru,no,
https://www.dalconsult.ru,,,
https://www.vcformula.ru,office@vcformula.ru,yes,
https://www.vcformula.ru,site@gcformula.ru,no,
https://business-itech.ru,,,
https://1c-antares.ru,help@1c-antares.ru,yes,
https://north-soft.ru,info@north-soft.ru,yes,
https://ericos-csp.ru,smetahl@ericos-csp.ru,yes,
https://ericos-csp.ru,smeta@ericos-csp.ru,yes,
https://uspeh-1c.ru,1c_uspeh@mail.ru,no,
https://365it.ru,,,
https://bsp.tagras.ru,bsplatforma@tagras.ru,yes,
https://bsp.tagras.ru,proresurs@tagras.ru,yes,
https://vazs.ru,info@insoftlada.ru,no,
https://www.inkast.ru,info@inkast.ru,yes,
https://feniks.az,,,
https://veleres.ru,info@veleres.ru,yes,
https://vladivostok.abcraftgroup.ru,office@abcraft.ru,no,
https://vladivostok.abcraftgroup.ru,prim@abcraft.ru,no,
https://www.tristar-company.kz,too_tristar@mail.ru,no,
https://www.tristar-company.kz,soft@tristar-company.kz,yes,
https://www.tristar-company.kz,prodvizh_tristar@mail.ru,no,
https://acit-c.ru,,,
https://www.kbdk.ru,info@kbdk.ru,yes,
https://adma1c.ru,new@adma.spb.ru,no,
https://adma1c.ru,nt@adma1c.ru,yes,
https://adma1c.ru,e.smirnov@adma.spb.ru,no,
https://goliath-gk.ru,info@goliath-gk.ru,yes,
https://kepilliyollar.com,,,
https://integrateam.ru,,,
https://www.proftek.org,info@proftek.org,yes,
https://www.proftek.org,nfo@proftek.org,yes,
https://www.intel-way.ru,hotline@intel-way.ru,yes,
https://www.1cap.ru,,,
https://real-bs.ru,hline@centrab.ru,no,
https://real-bs.ru,hotline@real-bs.ru,yes,
https://basis-engels.ru,,,
https://www.1c.i-sys.ru,,,
https://www.inform-vs.ru,info@inform-vs.ru,yes,
https://vertikal-m.ru,,,
https://www.bonne.az,office@bonne.az,yes,
https://genzis.ru,info@genzis.ru,yes,
https://imc-s.ru,novikov@imc-s.ru,yes,
https://imc-s.ru,popov@imc-s.ru,yes,
https://imc-s.ru,smi@imc-s.ru,yes,
https://imc-s.ru,lomakind@imc-s.ru,yes,
https://imc-s.ru,pirogkov@imc-s.ru,yes,
https://imc-s.ru,knutov@imc-s.ru,yes,
https://imc-s.ru,zubkov@imc-s.ru,yes,
https://imc-s.ru,bukin@imc-s.ru,yes,
https://imc-s.ru,lozinskaya@imc-s.ru,yes,
https://imc-s.ru,lomakin@imc-s.ru,yes,
https://imc-s.ru,gurievva@imc-s.ru,yes,
https://imc-s.ru,basenkov@imc-s.ru,yes,
https://imc-s.ru,makarova@imc-s.ru,yes,
https://imc-s.ru,kramarov@imc-s.ru,yes,
https://imc-s.ru,kadry@imc-s.ru,yes,
https://imc-s.ru,support@imc-s.ru,yes,
https://imc-s.ru,imc@imc-s.ru,yes,
https://a-atr.ru,1c@a-atr.ru,yes,
https://www.dr22.ru,,,
https://1c.consult-info.ru,sales@consult-info.ru,yes,
https://infogs.ru,info@infogs.ru,yes,
https://codelab.az,info@codelab.az,yes,
https://alsn.ru,mail@alsn.ru,yes,
https://neximus.pro,info@neximus.pro,yes,
https://neximus.pro,info@itotdel.info,no,
https://nevapos.ru,zakaz@nevapos.ru,yes,
https://nevapos.ru,info@nevapos.ru,yes,
https://nevapos.ru,zakaz@nevapo.ru,no,
https://nevapos.ru,policy@mysite.ru,no,
https://itc-kzn.ru,itc@itc-kzn.ru,yes,
https://aamc.ru,info@almazantey.ru,no,
https://aamc.ru,contact@site.com,no,
https://aamc.ru,support@almazantey.ru,no,
https://aamc.ru,ospnn@almazantey.ru,no,
https://fran.senior-soft.ru,,,
https://www.partner-c.ru,info@partner-c.ru,yes,
https://univer-team.ru,info@univer-team.ru,yes,
https://divizion.ooo,,,
https://xn----ctbkuoedl6cxa8e.xn--p1ai,,,
https://gcmy.ru,info@gcmy.ru,yes,
https://atikom.ru,info@atikom.ru,yes,
https://it-digit.ru,sales@it-digit.ru,yes,
https://d-vr.ru,aorlov@d-vr.ru,yes,
https://delopora.ru,,,
https://kutniy.ru,1c@kutniy.ru,yes,
https://ik46.ru,info@ik46.ru,yes,
https://ik46.ru,not@used.field,no,
https://www.k2consulting.kz,info@k2consulting.kz,yes,
https://www.alfaprof.ru,alfprof@yandex.ru,no,
https://www.krista-plus.ru,info@krista-plus.ru,yes,
https://8ka.by,info@8ka.by,yes,
https://xondev.ru,sales@xondev.ru,yes,
https://it-lab73.ru,info@it-lab73.ru,yes,
https://fianit-1c.ru,vis-23@mail.ru,no,
https://www.buh-69.ru,,,
https://romanova-1s.ru,chita1c-romanova@mail.ru,no,
https://skca.ru,info@skca.ru,yes,
https://www.cis2000.ru,,,
https://www.programmist.kz,soft43@list.ru,no,
https://www.programmist.kz,info@programmist.kz,yes,
https://asyst-pro.ru,info@asyst-pro.ru,yes,
https://siam-consult.ru,info@siam-consult.ru,yes,
https://www.ini.ru,,,
https://jukola-info.ru,1c@jukola-info.ru,yes,
https://jukola-info.ru,office@1soft.by,no,
https://ktsoft.info,zakaz@1c-kt.ru,no,
https://ktsoft.info,sales@1c-kt.ru,no,
https://trbyte.ru,info@trbyte.ru,yes,
https://trbyte.ru,info@bifit.com,no,
https://ssp-soft.ru,,,
https://arbiz-1c.ru,info@arbiz-1c.ru,yes,
https://softlider.md,softlider.sales@gmail.com,no,
https://softlider.md,hotline@soft-lider.md,no,
https://www.1c-minsk.by,,,
https://1cprofi.ru,,,
https://lasnet.ru,info@lasnet.ru,yes,
https://www.it-link.org,,,
https://smarttec.kz,info@smarttec.kz,yes,
https://it-kosmos.ru,mail@it-kosmos.ru,yes,
https://it-kosmos.ru,zueva@it-kosmos.ru,yes,
https://it-kosmos.ru,adiyatov@it-kosmos.ru,yes,
https://baim.az,sales@baim.az,yes,
https://it-barnaul.ru,,,
https://www.itan.ru,info@itan.ru,yes,
https://www.itan.ru,amosk59@hotmail.com,no,
https://www.itan.ru,ma@itan.ru,yes,
https://www.itan.ru,sa@itan.ru,yes,
https://nw1c.ru,dokfran@nw1c.ru,yes,
https://nw1c.ru,fresh@1c-minsk.by,no,
https://nw1c.ru,hotline@1c-minsk.by,no,
https://nw1c.ru,kc@1c.ru,no,
https://irbis-soft.kz,info@irbissoft.kz,no,
https://mkskzn.ru,support@mkskzn.ru,yes,
https://mkskzn.ru,renata@moiofis.ru,no,
https://bsens.ru,info@bsens.ru,yes,
https://rscons.ru,info@rscons.ru,yes,
https://rscons.ru,332331@rscons.ru,yes,
https://asoft.ooo,info@asoft.ooo,yes,
https://vinteh.ru,,,
https://franch.itgri.ru,,,
https://bpr.by,office@bpr.by,yes,
https://1c.bmgspb.ru,1c@bmgspb.ru,yes,
https://1c.bmgspb.ru,1csupport@bmgspb.ru,yes,
https://dis-com.ru,info@dis-com.ru,yes,
https://cub-it.ru,ooo_cau@mail.ru,no,
https://cm45.ru,help@cm45.ru,yes,
https://cm45.ru,fresh@cm45.ru,yes,
https://www.ros-elcom.ru,roselcom@yandex.ru,no,
https://oooitb.ru,,,
https://аис-уфа.рф,,,
https://www.softway.kz,office@softway.kz,yes,
https://itvolga.net,zakaz@itvolga.net,yes,
https://tvb.kz,,,
https://799000.ru,info@799000.ru,yes,
https://www.tezsoft.tj,info@tezsoft.tj,yes,
https://astra1c.ru,101@astra1c.ru,yes,
https://www.gela-it.ru,ger@gela-it.ru,yes,
https://iit.company,,,
https://bisconsult.pro,,,
https://www.m1c.ru,hline@m1c.ru,yes,
https://www.m1c.ru,market@m1c.ru,yes,
https://www.m1c.ru,info@m1c.ru,yes,
https://www.vesuchet.com,,,
https://www.ugraservice.ru,ugra-servis@mail.ru,no,
https://www.aspect-1c.ru,,,
https://www.kollegia.biz,1c@kollegia.biz,yes,
https://www.coralway.ru,info@coralway.ru,yes,
https://www.coralway.ru,v.abramov@coralway.ru,yes,
https://www.coralway.ru,pavel@coralway.ru,yes,
https://www.coralway.ru,s.galina@coralway.ru,yes,
https://www.coralway.ru,i.ivanova@coralway.ru,yes,
https://fran.f-chain.com,baku@f-chain.com,yes,
https://fran.f-chain.com,name@company.com,no,
https://www.alfanika.com,info@alfanika.com,yes,
https://profit-ug.ru,info@profit-ug.ru,yes,
https://1citbs.ru,info@1citbs.ru,yes,
https://mbg-integral.ru,,,
https://mediaconsalt.ru,mk@mediaconsalt.ru,yes,
https://mediaconsalt.ru,info@constructor.ru,no,
https://newizm.ru,info@newizm.ru,yes,
https://gtcon.ru,info@gtcon.ru,yes,
https://gtcon.ru,example@gmail.com,no,
https://www.it-roden.ru,roden@it-roden.ru,yes,
https://www.intro-c.ru,info@intro.trbyte.ru,no,
https://www.intro-c.ru,info@intro-c.ru,yes,
https://www.intervolga.ru,sale@intervolga.ru,yes,
https://www.intervolga.ru,stepan@intervolga.ru,yes,
https://www.intervolga.ru,ak@intervolga.ru,yes,
https://www.intervolga.ru,daniil.nesterov@intervolga.ru,yes,
https://www.intervolga.ru,kugatova@intervolga.ru,yes,
https://www.intervolga.ru,aleksei.shulgin@intervolga.ru,yes,
https://www.intervolga.ru,svetlana.filyushkina@intervolga.ru,yes,
https://www.intervolga.ru,ka@intervolga.ru,yes,
https://www.intervolga.ru,dunaev@intervolga.ru,yes,
https://www.intervolga.ru,info@intervolga.ru,yes,
https://www.intervolga.ru,igor.safonov@intervolga.ru,yes,
https://ppconsult.ru,info@ppconsult.ru,yes,
https://1c.promit-ek.ru,,,
https://zapsib.it,info@zapsib.it,yes,
https://www.profite.ru,office@profite.ru,yes,
https://horus37.ru,info@horus37.ru,yes,
https://1kit.pro,sale@1kit.pro,yes,
https://1kit.pro,support@1kit.pro,yes,
https://www.summa-t.ru,info@summa-t.ru,yes,
https://1c.esempla.md,,,
https://ava24.ru,,,
https://www.articomspb.ru,,,
https://systeomica.ru,1c@tg56.ru,no,
https://systeomica.ru,info@tg56.ru,no,
https://systeomica.ru,ivanivanich@mail.ru,no,
https://www.adeptis.ru,,,
https://softrise.pro,info@softrise.pro,yes,
https://abmsoft.ru,info@abmsoft.ru,yes,
https://abmsoft.ru,abm-soft@outlook.com,no,
https://www.onesoft.am,,,
https://ovk96.ru,,,
https://balanskb.ru,info@balanskb.ru,yes,
https://service-ms24.ru,info@service-ms24.ru,yes,
https://incora-penza.ru,inkora-penza@yandex.ru,no,
https://viant.ru,info@viant.ru,yes,
https://www.salari.ru,,,
https://www.ivecon.nsk.su,,,
https://might24.ru,info@might24.ru,yes,
https://ridos-consulting.ru,info@ridos-consulting.ru,yes,
https://filo-soft.ru,,,
https://avpkirov.ru,1c@avpkirov.ru,yes,
https://teh-polis.ru,engitech@oceanthemes.net,no,
https://teh-polis.ru,info@teh-polis.ru,yes,
https://luberci.1cbit.ru,,,
https://eva-soft.ru,info@eva-soft.ru,yes,
https://www.бэст43.рф,bestservis1@yandex.ru,no,
https://www.бэст43.рф,e-mail@yandex.ru,no,
https://erbica.ru,arbuzov@erbica.ru,yes,
https://erbica.ru,contact@erbica.ru,yes,
https://azbuka-soft.ru,info@azbuka-soft.ru,yes,
https://www.gppl.ru,,,
https://tech-key.ru,,,
https://suab.ru,mail@suab.ru,yes,
https://suab.ru,bitrix@suab.ru,yes,
https://www.ors.kz,office@ors.kz,yes,
https://www.ors.kz,t_chokan@ors.kz,yes,
https://www.ors.kz,its@ors.kz,yes,
https://sab2up.ru,,,
https://cpremium.ru,,,
https://www.keysoft.su,info@keysoft.su,yes,
https://it-system.biz,,,
https://uprinform.ru,hr@uprinform.ru,yes,
https://uprinform.ru,info@uprinform.ru,yes,
https://buhkod.ru,its@buhkod.ru,yes,
https://buhkod.ru,v8@1c.ru,no,
https://buhkod.ru,support@1cfresh.com,no,
https://dsgconsult.ru,dx@dsg-it.ru,no,
https://dsgconsult.ru,sales@dsgconsult.ru,yes,
https://www.aelitasoft.ru,,,
https://velesplus.ru,info@velesplus.ru,yes,
https://cbc.kz,,,
https://www.bivr.ru,1c@bivr.ru,yes,
https://www.ilect.ru,,,
https://www.econburo.ru,,,
https://белыйкод.рф,support@diera.ru,no,
https://белыйкод.рф,info@w-code.ru,no,
https://www.elsoft-group.ru,info@elsoft-group.ru,yes,
https://buhconsulting.com,info@buhconsulting.com,yes,
https://www.alfa-c.org,,,
https://998599.ru,irksalon@mail.ru,no,
https://www.best-bs.ru,,,
https://www.region-soft.com,mail@region-soft.com,yes,
https://www.soft-serv.ru,info@soft-serv.ru,yes,
https://www.1cteh.ru,info@1cteh.ru,yes,
https://www.infocraft.ru,info@infocraft.ru,yes,
https://www.infocraft.ru,partner@infocraft.ru,yes,
https://www.infocraft.ru,k@infocraft.ru,yes,
https://www.avangardb.ru,1c@avangardb.ru,yes,
https://itsvsem.ru,lk@itsvsem.ru,yes,
https://itsvsem.ru,info@itsvsem.ru,yes,
https://itsvsem.ru,spb@itsvsem.ru,yes,
https://itsvsem.ru,krasnodar@itsvsem.ru,yes,
https://itsvsem.ru,rostov@itsvsem.ru,yes,
https://itsvsem.ru,nnovgorod@itsvsem.ru,yes,
https://itsvsem.ru,ekburg@itsvsem.ru,yes,
https://xn----stbdlbsb.xn--p1ai,info@kolosufa.ru,no,
https://xn----stbdlbsb.xn--p1ai,hr@kolosufa.ru,no,
https://xn----stbdlbsb.xn--p1ai,zakaz@kolosufa.ru,no,
https://k-service44.ru,info@k-service44.ru,yes,
https://k-service44.ru,k-service44@yandex.ru,no,
https://nbk-group.ru,,,
https://brperm.ru,,,
https://www.atlantit.ru,,,
https://sm-solution.ru,info@sm-solution.ru,yes,
https://sm-solution.ru,you@company.ru,no,
https://sm-solution.ru,hr@sm-solution.ru,yes,
https://www.inform-th.ru,mailbox@inform-th.ru,yes,
https://www.altteam.ru,,,
https://lvsnet.ru,,,
https://mobius-it.ru,info@mobius-it.ru,yes,
https://mobius-it.ru,career@mobius-it.ru,yes,
https://mobius-it.ru,pr@mobius-it.ru,yes,
https://mobius-it.ru,sales@mobius-it.ru,yes,
https://mobius-it.ru,partners@mobius-it.ru,yes,
https://mobius-it.ru,percall@mobius-it.ru,yes,
https://admin-c.ru,,,
https://itec.kz,sales@itec.kz,yes,
https://itec.kz,infomail@itec.kz,yes,
https://www.softlab.ru,sales@softlab.ru,yes,
https://www.softlab.ru,support@softlab.ru,yes,
https://www.softlab.ru,press@softlab.ru,yes,
https://www.softlab.ru,hr@softlab.ru,yes,
https://www.softlab.ru,info@bryansk.softlab.ru,no,
https://www.softlab.ru,info@vologda.softlab.ru,no,
https://cifp.ru,sales@cifp.ru,yes,
https://cifp.ru,info@cifp.ru,yes,
https://byteon.ru,1c@byteon.ru,yes,
https://soft34.ru,sales@soft34.ru,yes,
https://framedigital.ru,info@framedigi.com,no,
https://ant-konsalt.ru,info@ant-konsalt.ru,yes,
https://ant-konsalt.ru,a.fryantsev@ant-konsalt.ru,yes,
https://csenter.ru,,,
https://www.informbalans.ru,,,
https://everest-1s.pro,tarasov@everest-1s.pro,yes,
https://www.свой-программист.рф,,,
https://uts-servis-tsentr.clients.site,,,
https://www.audit-buro.ru,1c@audit-buro.ru,yes,
https://it-klin.ru,info@it-klin.ru,yes,
https://it-klin.ru,username@yandex.ru,no,
https://soft-solutions.pro,info@soft-solutions.pro,yes,
https://arida.kz,,,
https://www.asia-servis.kz,,,
https://www.a-franch.ru,,,
https://www.v8-ivs.ru,1c@ivsperm.ru,no,
https://1s.msk.ru,info@1s.msk.ru,yes,
https://smol-it.ru,,,
https://1cmd.ru,1@1cmd.ru,yes,
https://soft12.ru,info@soft12.ru,yes,
https://sit21.ru,its@sit21.ru,yes,
https://goodprog.by,1c_mogilev@mail.ru,no,
https://www.consol-m.ru,,,
https://www.ikrit.ru,info@ikrit.ru,yes,
https://1const.ru,avzheleznov@yandex.ru,no,
https://www.softmash.ru,info@softmash.ru,yes,
https://ukds.kz,info@ukds.kz,yes,
https://www.alpha-v.ru,,,
https://ivstark.ru,support@ivstark.ru,yes,
https://bsvyborg.ru,,,
https://ibm-pro.kz,aa@ibm-pro.kz,yes,
https://sferait.info,chki@list.ru,no,
https://sferait.info,hr@sferait.info,yes,
https://atom26.ru,zakaz@atom26.ru,yes,
https://atom26.ru,info@atom26.ru,yes,
https://uno-s.ru,info@uno-s.ru,yes,
https://infosy.ru,lk@infosy.ru,yes,
https://itjet24.ru,itjet24@yandex.ru,no,
https://www.estan.ru,,,
https://студия-автоматизации.рф,,,
https://istep76.ru,sales@istep76.ru,yes,
https://www.atlantsoft.ru,info@atlantsoft.ru,yes,
https://www.axitica.ru,,,
https://sab.expert,ivan.petrin@sab.expert,yes,
https://sab.expert,office@sab.expert,yes,
https://xpertaspb.ru,,,
https://1cis.ru,,,
https://www.winter-it.ru,,,
https://1s-noginsk.ru,1s-noginsk@mail.ru,no,
https://1s-noginsk.ru,statuscompany@mail.ru,no,
https://www.1clogic.md,business@1clogic.md,yes,
https://www.1clogic.md,sales@1clogic.md,yes,
https://www.1clogic.md,contabil@1clogic.md,yes,
https://www.1clogic.md,a.shevcic@1clogic.md,yes,
https://alfagrup.ru,,,
https://www.softzone.ru,,,
https://aleda21.ru,,,
https://fortex-service.ru,info@fs1c.ru,no,
https://fortex-service.ru,site@fs1c.ru,no,
https://www.balans-vladimir.ru,,,
https://ascan.su,support@ascan.su,yes,
https://ascan.su,sale@ascan.su,yes,
https://citrus1c.ru,sale@citrus1c.ru,yes,
https://itbns.ru,info@itbns.ru,yes,
https://itbns.ru,not@used.field,no,
https://www.union-soft.ru,,,
https://www.soft-master.net,,,
https://it-premier.ru,info@it-premier.ru,yes,
https://it-premier.ru,support@it-premier.ru,yes,
https://sitproject.ru,info@sitproject.ru,yes,
https://www.rg.kg,info@rg.kg,yes,
https://craft-code.ru,info@craft-code.ru,yes,
https://www.fv.kirov.ru,,,
https://www.1soft.ru,post@1soft.ru,yes,
https://neo43.ru,bestservice-budget@ya.ru,no,
https://neo43.ru,neoservice43@ya.ru,no,
https://www.kvolitek.ru,info@kvolitek.ru,yes,
https://stm-1c.ru,info@1c.softum.ru,no,
https://stm-1c.ru,info@stm-1c.ru,yes,
https://dpc.by,office@dpc.by,yes,
https://dpc.by,sales@dpc.by,yes,
https://dpc.by,hotline@dpc.by,yes,
https://market-master.ru,sale@market-master.ru,yes,
https://market-master.ru,to@market-master.ru,yes,
https://strimsib.ru,info@strimsib.ru,yes,
https://strimsib.ru,buh@strimsib.ru,yes,
https://avis-soft.ru,1c@avis-soft.ru,yes,
https://antds.ru,helpdesk@antds.ru,yes,
https://antds.ru,toir.support@antds.ru,yes,
https://antds.ru,info@antds.ru,yes,
https://antds.ru,sales@antds.ru,yes,
https://antds.ru,press@antds.ru,yes,
https://www.baltexpert39.ru,info@baltexpert39.ru,yes,
https://www.baltexpert39.ru,m.mustaev@baltexpert39.ru,yes,
https://www.baltexpert39.ru,p.kuznetsov@baltexpert39.ru,yes,
https://www.vt-soft.ru,hightechnologies@yandex.ru,no,
https://www.its-com.ru,,,
https://eftech.ru,anrsoboleva@gmail.com,no,
https://eftech.ru,info@eftech.ru,yes,
https://sibinfosoft.com,,,
https://komanda.it,info@komanda.it,yes,
https://techno-cr.ru,info@techno-cr.ru,yes,
https://fodev.ru,,,
https://itkonus.ru,consult@itkonus.ru,yes,
https://magrust.ru,,,
https://tb42.ru,,,
https://ooo-everest.ru,info@ooo-everest.ru,yes,
https://creative-grp.ru,info@creative-grp.ru,yes,
https://1cvant.ru,,,
https://innostage-group.ru,info@innostage-group.ru,yes,
https://innostage-group.ru,press@innostage-group.ru,yes,
https://innostage-group.ru,u003einfo@innostage-group.ru,yes,
https://soft-progress.ru,info@soft-progress.ru,yes,
https://www.pks59.ru,zakaz@pks59.ru,yes,
https://docsoft.ru,doctorsoft@yandex.ru,no,
https://www.intaris.ru,info@intaris.ru,yes,
https://www.intaris.ru,job@intaris.ru,yes,
https://www.intaris.ru,tikhomirova@intaris.ru,yes,
https://zadumka.pro,,,
https://www.it-prospect.ru,info@it-prospect.ru,yes,
https://1c-prem.ru,info@1c-prem.ru,yes,
https://1c-prem.ru,corp@1c-prem.ru,yes,
https://atlantika-soft.ru,,,
https://www.ittex.ru,,,
https://www.intechs.by,,,
https://www.ersys.ru,riv@ersys.ru,yes,
https://www.ersys.ru,office@ersys.ru,yes,
https://2cs.kz,competentsolutions@1cs.kz,no,
https://2cs.kz,sales@1cs.kz,no,
https://prof-1s.ru,,,
https://bs-soft.org,info@in-soft.ru,no,
https://www.iskra-s.ru,iskra-s@bk.ru,no,
https://www.proekt-itc.ru,,,
https://www.activelink.ru,,,
https://www.dialogsoft.ru,,,
https://www.cptria.ru,info@cptria.ru,yes,
https://vc-paritet.ru,,,
https://www.uchet.info,,,
https://atomatix.ru,info@atomatix.ru,yes,
https://atomatix.ru,order@atomatix.ru,yes,
https://atomatix.ru,support@atomatix.ru,yes,
https://www.artteg.ru,artteg@artteg.ru,yes,
https://xn--80aej0befbg.xn--p1ai,,,
https://www.deita.com,,,
https://www.sp-omsk.ru,info@sp-omsk.ru,yes,
https://www.integracia.kz,info@integracia.kz,yes,
https://www.rusoft.kz,,,
https://numero.uz,,,
https://www.lama.ru,,,
https://denvic.ru,sale@denvic.ru,yes,
https://kompas-kolomna.ru,otd_1c@kompas-kolomna.ru,yes,
https://sapastd.kz,sapa-std@mail.ru,no,
https://plussoft.uz,info@plussoft.uz,yes,
https://www.andi24.ru,info@andi24.ru,yes,
https://блик-консалтинг.рф,,,
https://itec39.ru,,,
https://jinnvl.ru,office@jinnvl.ru,yes,
https://jinnvl.ru,pluz-pro@mail.ru,no,
https://www.avmsky.ru,sales@avmskay.ru,no,
https://business-tech.ru,bt@business-tech.ru,yes,
https://astral.ru,moscow@astral.ru,yes,
https://astral.ru,corp@astral.ru,yes,
https://astral.ru,korp_otdel@astral.ru,yes,
https://astral.ru,ilevitina@yandex.ru,no,
https://astral.ru,blea@1c.ru,no,
https://astral.ru,its_service@1cbit.ru,no,
https://astral.ru,gudig@1ab.ru,no,
https://astral.ru,ok@bit-live.ru,no,
https://astral.ru,mbudko@servicetrend.ru,no,
https://1itg.ru,,,
https://it-tehcon.ru,hello@it-tehcon.ru,yes,
https://1c.42sol.ru,,,
https://service.kg,,,
https://dclouds.ru,info@dclouds.ru,yes,
https://dclouds.ru,sales@dclouds.ru,yes,
https://dclouds.ru,pr@dclouds.ru,yes,
https://dclouds.ru,hr@dclouds.ru,yes,
https://mediana1c.ru,info@mediana1c.ru,yes,
https://argunsoft.1c-umi.ru,info@argunsoft.ru,no,
https://rostbc.ru,,,
https://link.am,info@link.am,yes,
https://link.am,johnnaumov@gmail.com,no,
https://www.5-25.ru,ib@5-25.ru,yes,
https://www.5-25.ru,center2@5-25.ru,yes,
https://www.5-25.ru,1c@5-25.ru,yes,
https://www.5-25.ru,big@5-25.ru,yes,
https://www.5-25.ru,garant@5-25.ru,yes,
https://www.5-25.ru,ctrl@5-25.ru,yes,
https://www.5-25.ru,podpis@5-25.ru,yes,
https://www.5-25.ru,director9@5-25.ru,yes,
https://www.5-25.ru,director4@5-25.ru,yes,
https://ecom1c.ru,sale@ecom1c.ru,yes,
https://ecom1c.ru,algol@ecom1c.ru,yes,
https://rusteh.info,1c@rusteh.info,yes,
https://balashiha.1cbit.ru,,,
https://www.sol-comp.ru,mail@sol-comp.ru,yes,
https://www.sol-comp.ru,sales@sol-comp.ru,yes,
https://www.sol-comp.ru,hello@company.com,no,
https://sibca.ru,info@sibca.ru,yes,
https://c5-it.ru,info@c5-it.ru,yes,
https://www.timesoft.ru,hotline@timesoft.ru,yes,
https://www.timesoft.ru,uc@kaminsoft.ru,no,
https://www.timesoft.ru,seminar@timesoft.ru,yes,
https://prime1s.ru,info@prime1s.ru,yes,
https://prime1s.ru,info@prime1c.ru,no,
https://www.c-info.ru,,,
https://ittreid.ru,support@ittreid.ru,yes,
https://ittreid.ru,info@ittrade32.ru,no,
https://itgro.ru,itgro@itgro.ru,yes,
https://itgro.ru,olp@itgro.ru,yes,
https://valtree.ru,support@valtree.ru,yes,
https://icon-nvr.ru,hello@icon-nvr.ru,yes,
https://c-prof.kz,info@c-prof.kz,yes,
https://bprog.by,info@bprog.by,yes,
https://mak-s.ru,,,
https://itservice-pro.ru,help@itservice-pro.ru,yes,
https://www.bt.ru,info@bt.ru,yes,
https://cio-1c.ru,,,
https://www.buhoffice.ru,info@buhoffice.ru,yes,
https://astraforce.ru,info@astraforce.ru,yes,
https://www.arkad.pro,,,
https://trend1c.com,1c@1ctrend.ru,no,
https://trend1c.com,e-mail@yandex.ru,no,
https://trend1c.com,support@1ctrend.ru,no,
https://www.vistsoft.ru,vist.olga@bk.ru,no,
https://www.vistsoft.ru,sha_oleg@mail.ru,no,
https://zenver.ru,info@zenver.ru,yes,
https://veda-soft.ru,info@veda-soft.ru,yes,
https://ufanst.ru,,,
https://www.itcomf.ru,911@itcomf.ru,yes,
https://allitone.com,i.zvyagin@allitone.com,yes,
https://www.nika-service.ru,,,
https://extrasoft.kz,info@extrasoft.kz,yes,
https://rmklab.ru,,,
https://iztehcom.ru,sale@iztehkom.ru,no,
https://iztehcom.ru,sale@iztehcom.ru,yes,
https://iztehcom.ru,info@iztehcom.ru,yes,
https://custis.ru,info@custis.ru,yes,
https://www.ik-mercury.ru,,,
https://www.rs1c.kz,info@rs1c.kz,yes,
https://www.rs1c.kz,gorod03000@mail.ru,no,
https://lidersoft.az,,,
https://www.sthinks.ru,sthinks@yandex.ru,no,
https://dt-kt.org,dtkt1c@gmail.com,no,
https://www.as-cons.ru,,,
https://vtiurin.ru,info@vtiurin.ru,yes,
https://koderline.uz,1c@koderline.uz,yes,
https://profaliance.ru,message@profaliance.ru,yes,
https://profaliance.ru,info@profaliance.ru,yes,
https://1c-idea.ru,office@1c-idea.ru,yes,
https://www.технологииучета.рф,hello@tu42.ru,no,
https://www.alias-pro.ru,info@alias-pro.ru,yes,
https://it-kzgroup.ru,,,
https://www.ainform.ru,oao.pskovagroinform@yandex.ru,no,
https://www.ainform.ru,pskovagroinform@yandex.ru,no,
https://emeliakyl.com,,,
https://www.itset.kz,,,
https://www.cnst.ru,ko@cnst.ru,yes,
https://www.cnst.ru,taterm@cnst.ru,yes,
https://belinfonalog.ru,client@belinfonalog.ru,yes,
https://belinfonalog.ru,mskbin@belinfonalog.ru,yes,
https://belinfonalog.ru,bin32@belinfonalog.ru,yes,
https://rdline.ru,info@rdline.ru,yes,
https://infotek-soft.ru,,,
https://vct.kz,info@vct.kz,yes,
https://algarytm.kz,info@algarytm.kz,yes,
https://www.balanssoft.ru,info@balanssoft.ru,yes,
https://www.balanssoft.ru,info@vashsait.ru,no,
https://resoft.by,info@resoft.by,yes,
https://daacdigital.com,info@dsi.md,no,
https://www.balans-1.kz,,,
https://it-vector.group,info@it-vector.group,yes,
https://it-vector.group,it_vektor_info@mail.ru,no,
https://ev-group.ru,sale@ev-group.ru,yes,
https://ev-group.ru,help@ev-group.ru,yes,
https://www.step-its.ru,info@step-its.ru,yes,
https://it-solution.ru,info@it-solution.ru,yes,
https://it-solution.ru,1c@it-solution.ru,yes,
https://it-solution.ru,b24@it-solution.ru,yes,
https://www.1cbit.by,info@1cbit.by,yes,
https://kvadrat2.com,office@kvadrat2.com,yes,
https://sinvan-group.ru,info@sinvan-group.ru,yes,
https://www.afinasoft.ru,,,
https://alpeconsulting.ru,info@alpeconsulting.com,no,
https://www.sgs.by,,,
https://komplekt-naladka.ru,,,
https://www.sunlait.com,ooosanlait@gmail.com,no,
https://microline1c.ru,asb@microline1c.ru,yes,
https://bp-top10.ru,info@biznpro.ru,no,
https://www.1cnw.ru,hotline@1cnw.ru,yes,
https://www.1cnw.ru,zakaz@1cnw.ru,yes,
https://www.1cnw.ru,zakaz-its@1cnw.ru,yes,
https://www.1cnw.ru,study@1cnw.ru,yes,
https://www.1cnw.ru,marketing@1cnw.ru,yes,
https://www.1cnw.ru,dist@1cnw.ru,yes,
https://www.1cnw.ru,nwfran@1cnw.ru,yes,
https://www.1cnw.ru,sky@1cnw.ru,yes,
https://www.1cnw.ru,vuz@1cnw.ru,yes,
https://d-partners.ru,help@d-partners.ru,yes,
https://d-partners.ru,1c@d-partners.ru,yes,
https://d-partners.ru,eikonnikova@d-partners.ru,yes,
https://paritet-neva.ru,1c@paritet-neva.ru,yes,
https://www.aktives.ru,mail@aktives.ru,yes,
https://ariskompany.1c-umi.ru,aris.kompany@gmail.com,no,
https://www.darasoft.by,1cinfo@darasoft.by,yes,
https://www.darasoft.by,1cinfo@tut.by,no,
https://1c.omega-soft.ru,inf2@omega-soft.ru,yes,
https://www.resalsoft.am,,,
https://www.rbsoft.ru,online@rbsoft.ru,yes,
https://www.rbsoft.ru,support@rbsoft.ru,yes,
https://moscowsoft.com,task@moscowsoft.com,yes,
https://aktivsoft.net,admin@aktivsoft.net,yes,
https://anheliks.ru,info@anheliks.ru,yes,
https://www.pegas-soft.ru,,,
https://cinfa.ru,info@cinfa.ru,yes,
https://siesco.az,,,
https://satorymsk.ru,,,
https://www.po.by,po@po.by,yes,
https://ds1c.ru,,,
https://spbpotok.ru,,,
https://abelov.com,info@abelov.com,yes,
https://it-stek.ru,sales@it-stek.ru,yes,
https://aspekt-soft-pushkino.ru,,,
https://i-solpro.ru,info@i-solpro.ru,yes,
https://www.dp-consulting.ru,info@dp-consulting.ru,yes,
https://www.pm52.ru,info@pm52.ru,yes,
https://maxis-it.ru,info@maxis-it.ru,yes,
https://spec-uchet.ru,,,
https://it-trend.pro,,,
https://epi33.ru,epi33@mail.ru,no,
https://saga.kz,1c.saga@gmail.com,no,
https://itexpert-1c.ru,info@it-1c.expert,no,
https://1soft.ge,info@1soft.ge,yes,
https://rasoft.by,office.riasoft@gmail.com,no,
https://www.profit-astana.kz,example@site.com,no,
https://www.profit-astana.kz,1c_profit@bk.ru,no,
https://step.ru,info@step.ru,yes,
https://step.ru,kazan@step.ru,yes,
https://step.ru,sales@steplogic.kz,no,
https://step.ru,marketing@m.step.ru,no,
https://korolev.1cbit.ru,,,
https://www.usbis.ru,info@usbis.ru,yes,
https://www.usbis.ru,sale@usbis.ru,yes,
https://www.usbis.ru,1c@usbis.ru,yes,
https://www.usbis.ru,web@usbis.ru,yes,
https://unionit-1c.ru,,,
https://pravresh.ru,,,
https://www.abspro.ru,info@abspro.ru,yes,
https://its1s.ru,,,
https://ender.pro,sale@ender.pro,yes,
https://1ctab.ru,,,
https://atsoft.by,info@atsoft.by,yes,
https://itr24.com,info@itr24.com,yes,
https://itr24.com,support@itr24.com,yes,
https://itr24.com,info@itr24.com.com,no,
https://www.k3-67.ru,,,
https://tt44.ru,tt44@tt44.ru,yes,
https://tt44.ru,buh@tt44.ru,yes,
https://expert27.ru,info@expert27.ru,yes,
https://pg60.ru,,,
https://soft-format.ru,,,
https://saifield.ru,info@saifield.ru,yes,
https://www.insysgel.ru,hline@insysgel.ru,yes,
https://cr1c.ru,info@cr1c.ru,yes,
https://www.jm-sys.com,info@jm-sys.com,yes,
https://www.nvic.ru,,,
https://www.alterra.kz,salimzhan@alterra.kz,yes,
https://help-buh.ru,,,
https://smartcombv.kz,,,
https://ftnet.ru,info@ftnet.ru,yes,
https://ftnet.ru,rmorgun@ftnet.ru,yes,
https://ftnet.ru,telematics-support@ftnet.ru,yes,
https://ftnet.ru,skrivac@ftnet.ru,yes,
https://ftnet.ru,abespalova@ftnet.ru,yes,
https://ftnet.ru,rlednev@ftnet.ru,yes,
https://ftnet.ru,jdudina@ftnet.ru,yes,
https://ftnet.ru,abanin@ftnet360.ru,no,
https://ftnet.ru,mdyakova@ftnet.ru,yes,
https://ftnet.ru,tgulyaeva@ftnet.ru,yes,
https://nurgush.ru,lirina@nurgush.ru,yes,
https://1cglavbuh.ru,glavbuh07@mail.ru,no,
https://www.tavrida-soft.ru,,,
https://www.santogroup.ru,sale@santogroup.ru,yes,
https://nvkom.ru,,,
https://infosib.su,site@infosib.su,yes,
https://www.sda-1c.ru,,,
https://soft73.by,it@soft73.by,yes,
https://iqas.ru,info@iqas.ru,yes,
https://1cc.ru,,,
https://kmv.r-av.ru,kmv@r-av.ru,yes,
https://kmv.r-av.ru,sa@r-av.ru,yes,
https://it-balance.kz,,,
https://itsale.ru,,,
https://insait-it.ru,info@insait-it.ru,yes,
https://www.taurusdv.ru,sales@bo-taurusdv.ru,no,
https://status-k.ru,sale@status-k.ru,yes,
https://status-k.ru,mail@status-k.ru,yes,
https://astralnw.ru,office@astralnw.ru,yes,
https://astralnw.ru,okk@astralnw.ru,yes,
https://astralnw.ru,info@astralnw.ru,yes,
https://navla.ru,info@navla.ru,yes,
https://navla.ru,zakaz@navla.ru,yes,
https://integral-it.ru,info@integral-it.ru,yes,
https://soft21.ru,info@soft21.ru,yes,
https://2a-soft.ru,,,
https://erp-people.ru,,,
https://centrkkm.ru,centrkkm@centrkkm.ru,yes,
https://centrkkm.ru,golovchenko@centrkkm.ru,yes,
https://centrkkm.ru,medcentrkkm@mail.ru,no,
https://centrkkm.ru,sortavala@centrkkm.ru,yes,
https://centrkkm.ru,cro@centrkkm.ru,yes,
https://www.iteamy.pro,info@iteamy.pro,yes,
https://www.ecos-nn.ru,ecosnn@bk.ru,no,
https://shevrus.com,,,
https://andreevsoft-1c.ru,,,
https://www.softpro24.ru,1c@softpro24.ru,yes,
https://www.softpro24.ru,softpro@softpro24.ru,yes,
https://matrix34.ru,matrix-p@yandex.ru,no,
https://1cmd.md,hotline@1cmd.md,yes,
https://vssoft.ru,sales@vssoft.ru,yes,
https://vssoft.ru,name@mail.com,no,
https://vssoft.ru,myname@mail.com,no,
https://pskovsoft.ru,info@pskovsoft.ru,yes,
https://www.enterego.ru,,,
https://xn--1-7sb5ci.xn--p1ai,,,
https://analitik-c.ru,,,
https://академияучета.рф,,,
https://www.bscode.ru,,,
https://mbuk.ru,mbuk@bk.ru,no,
https://itr48.ru,info@itr48.ru,yes,
https://itr48.ru,it-res48@yandex.ru,no,
https://www.inno-e.ru,,,
https://www.profxp.ru,info@profxp.ru,yes,
https://svb24.ru,,,
https://triora.kz,,,
https://1c.usetech.ru,1c_client@usetech.ru,yes,
https://www.avro-spb.ru,,,
https://www.shafran-1c.ru,076@shafran-1c.ru,yes,
https://ksoft.pro,mail@ksoft.pro,yes,
https://1prolab.ru,info@1prolab.ru,yes,
https://1c-datalogic.ru,info@1c-datalogic.ru,yes,
https://2mount.kz,,,
https://bs74.ru,info@bs74.ru,yes,
https://round-soft.ru,info@round-soft.ru,yes,
https://www.soft-company.ru,fin@soft-company.ru,yes,
https://www.soft-company.ru,cto@soft-company.ru,yes,
https://nips-soft.pro,info@nips-soft.pro,yes,
https://kit.tj,info@kit.tj,yes,
https://www.aventsoft.by,info@aventsoft.by,yes,
https://odintsovo.1cbit.ru,odintsovo@1cbit.ru,yes,
https://www.dvicom.ru,dvicom@rambler.ru,no,
https://www.dvicom.ru,dvicomlv@gmail.com,no,
https://www.iteampro.ru,,,
https://cod-nn.ru,cod@kkipa.ru,no,
https://cod-nn.ru,kkipa@cod-nn.ru,yes,
https://cod-nn.ru,kkipa@kkipa.com,no,
https://woneitconsulting.ru,,,
https://1c-itk.ru,,,
https://101expert.by,101expertrb@gmail.com,no,
https://rapid-brain.ru,info@rapid-brain.ru,yes,
https://udb58.ru,,,
https://www.gamaun.org,info@gamaun.org,yes,
https://1s-kvant.ru,,,
https://t-sputnik.ru,mail@t-sputnik.ru,yes,
https://turing.kz,info@turing.kz,yes,
https://onlineorel.ru,1c@onlineorel.ru,yes,
https://onlineorel.ru,online-servis57@mail.ru,no,
https://www.adey.ru,adey@inbox.ru,no,
https://prg-1c.kz,1c@prg.kz,no,
https://prg-1c.kz,novikova@prg.kz,no,
https://prg-1c.kz,feedback@prg1c.kz,no,
https://kitech-system.ru,,,
https://abvinformatic.ru,,,
https://ncompact.ru,info@ncompact.ru,yes,
https://www.ca-svs.ru,info@ca-svs.ru,yes,
https://www.ca-svs.ru,501610@ca-svs.ru,yes,
https://www.provodnik-it.ru,,,
https://nordcom1c.ru,belgorod@nordcom1c.ru,yes,
https://nordcom1c.ru,langepas@nordcom1c.ru,yes,
https://nordcom1c.ru,pyt-yah@nordcom1c.ru,yes,
https://nordcom1c.ru,surgut@nordcom1c.ru,yes,
https://www.acsyst.com,1c@acsyst.com,yes,
https://soft-support.ru,,,
https://www.kvv.by,,,
https://www.3953.ru,info@sibirteh.ru,no,
https://wdsoft.ru,info@wdsoft.ru,yes,
https://wdsoft.ru,sales@wdsoft.ru,yes,
https://www.intellect-1c.kz,too_intellect@mail.ru,no,
https://alternativa-pro.ru,mail@alternativa-pro.ru,yes,
https://www.compservice.spb.ru,vip@compservice.spb.ru,yes,
https://www.compservice.spb.ru,info@compservice.spb.ru,yes,
https://www.compservice.spb.ru,msk@itspb.online,no,
https://www.compservice.spb.ru,1c@itspb.online,no,
https://www.compservice.spb.ru,server@itspb.online,no,
https://www.compservice.spb.ru,kkt@itspb.online,no,
https://www.mba-llc.ru,info@mba-llc.ru,yes,
https://www.useful-prog.ru,,,
https://www.st.by,info@st.by,yes,
https://www.flagman-it.ru,info@flagman-it.ru,yes,
https://www.flagman-it.ru,abc@flagman-it.ru,yes,
https://5cplucom.com,1c@5cplucom.com,yes,
https://www.stanlab.ru,1c@stanlab.ru,yes,
https://базисс.рф,,,
https://www.it-sys.ru,info@it-sys.ru,yes,
https://it-b.ru,sales@it-b.ru,yes,
https://rebalans.ru,1chelp@rebalans.ru,yes,
https://cus-profi.ru,,,
https://toplinesoft.ru,1c@toplinesoft.ru,yes,
https://www.tl-soft.ru,1c@tl-soft.ru,yes,
https://www.st54.ru,msk@st54.ru,yes,
https://www.st54.ru,nsk@st54.ru,yes,
https://www.st54.ru,info@st54.ru,yes,
https://www.st54.ru,buh@st54.ru,yes,
https://www.st54.ru,barnaul@st54.ru,yes,
https://anspec.ru,op@anspec.ru,yes,
https://anspec.ru,op1@anspec.ru,yes,
https://www.onecmaster.ru,,,
https://region-centr.com,region-centr-1c@yandex.ru,no,
https://basistradechep.ru,,,
https://rudnev82.ru,manager@vr-krim.ru,no,
https://infoteh05.ru,info@infoteh05.ru,yes,
https://delvik.by,info@delvik.by,yes,
https://www.ps.kz,info@ps.kz,yes,
https://www.ps.kz,support@ps.kz,yes,
https://www.ps.kz,director@ps.kz,yes,
https://www.grosconsult.ru,info@grosconsult.ru,yes,
https://www.grosconsult.ru,support@grosconsult.ru,yes,
https://1с-консалт.рф,1cconsult@mail.ru,no,
https://www.spin.kg,,,
https://nash-g.ru,nash-gorod-1c@yandex.ru,no,
https://www.иткорона.рф,,,
https://aviconsult.ru,sales@avi.ru,no,
https://aviconsult.ru,info@avi.ru,no,
https://aviconsult.ru,kachestvo@avi.ru,no,
https://aviconsult.ru,director@avi.ru,no,
https://www.avasystem.by,support@avasystem.by,yes,
https://www.avasystem.by,manager@avasystem.by,yes,
https://www.avasystem.by,director@avasystem.by,yes,
https://www.avasystem.by,buh@avasystem.by,yes,
https://www.vc-kirov.com,elena.manina@inbox.ru,no,
https://www.incoma.ru,,,
https://e-license.ru,,,
https://www.northsoft.ru,info@northsoft.ru,yes,
https://assistant1c.com,info@assistant1c.com,yes,
https://sts25.ru,job@sts25.ru,yes,
https://sts25.ru,office@sts25.ru,yes,
https://www.abc-co.ru,,,
https://www.ip-filina.ru,,,
https://rotor-it.ru,help@rotor-it.com,no,
https://www.atemta.ru,,,
https://www.1key.ru,,,
https://www.trade-info.spb.ru,,,
https://alba-group.pro,info@alba-group.pro,yes,
https://zubra.ru,911@zubra.ru,yes,
https://1cfb.ru,info@1cfb.ru,yes,
https://1cfb.ru,info@finbisnes.ru,no,
https://klinsoft.ru,manager@klinsoft.ru,yes,
https://adv-it.ru,,,
https://vd-34.ru,,,
https://elita-tmn.ru,elita02@yandex.ru,no,
https://elita-tmn.ru,elita01@yandex.ru,no,
https://itskotlas.ru,info@itskotlas.ru,yes,
https://intellprod.ru,info@intellprod.ru,yes,
https://itpartner.lol,retail.nika@mail.ru,no,
https://shift-it.kz,shift_it@mail.ru,no,
https://devgram.ru,info@devgram.ru,yes,
https://www.itvspb.ru,tlv@itvspb.ru,yes,
https://sltsol.ru,info@sltsol.ru,yes,
https://sltsol.ru,nfo@sltsol.ru,yes,
https://www.risotec.ru,,,
https://brigita.org,,,
https://programsales.ru,kvark.org@yandex.ru,no,
https://programsales.ru,info@programsales.ru,yes,
https://pts1c.ru,franch1c@npp-promtek.com,no,
https://pts1c.ru,pe@npp-promtek.com,no,
https://1cfresh-buh.ru,1cinfo@megaplan-team.ru,no,
https://www.irbius.ru,info@irbius.ru,yes,
https://www.newestech.ru,israil2000@mail.ru,no,
https://tns8.ru,tehnocase@inbox.ru,no,
https://tns8.ru,ivan@mail.ru,no,
https://tns8.ru,admin@tns8.ru,yes,
https://bearruss.ru,,,
https://www.vcmatrix.ru,,,
https://dzen.ru,,,
https://iphr.ru,,,
https://информтехсервис.рф,,,
https://abis1c.ru,info@abis1c.ru,yes,
https://falcon-saratov.ru,,,
https://aitiservice.ru,info@aitiservice.ru,yes,
https://www.ivalfa.ru,,,
https://www.abb-group.ru,,,
https://buhsoft.bitrix24.site,,,
https://km-ini.ru,info@km-ini.ru,yes,
https://km-ini.ru,support@km-ini.ru,yes,
https://prokkm.ru,info@kik-soft.ru,no,
https://prokkm.ru,info@prokkm.ru,yes,
https://smartrsol.ru,info@smartrsol.ru,yes,
https://smart-1c.ru,info@smart-1c.ru,yes,
https://aib.com.ru,sale@aib.com.ru,yes,
https://mcgrifon.ru,,,
https://1capexsoft.ru,apex-soft@mail.ru,no,
https://www.istandart.ru,,,
https://connect-centr.ru,dseleznev@yandex.ru,no,
https://nvtech.ru,,,
https://technobiz.kz,info@technobiz.kz,yes,
https://www.itsheff.kz,info@itsheff.kz,yes,
https://www.afcm.ru,,,
https://www.megascope.ru,sales@megascope.ru,yes,
https://soft-penza.ru,softinfo@soft-penza.ru,yes,
https://www.abc-expert.ru,,,
https://www.cd-nsk.ru,,,
https://www.aip1s.ru,,,
https://kseon.pro,info@kseon32.ru,no,
https://kseon.pro,info@kseon.pro,yes,
https://1c.nan.ru,info@nan.ru,yes,
https://it-atr.ru,sales@na-atr.ru,no,
https://it-atr.ru,info@na-atr.ru,no,
https://www.bizaudit.pro,,,
https://brainse.ru,,,
https://buhstar.ru,info@buhstar.ru,yes,
https://ukved.ru,sale@ukved.ru,yes,
https://www.infoexpert.am,info@infoexpert.am,yes,
https://profpart66.ru,info@profpart66.ru,yes,
https://www.dalni.ru,mail@dalni.ru,yes,
https://www.avantege.ru,mail@avantege.ru,yes,
https://www.bureau-amk.ru,info@bureau-amk.ru,yes,
https://www.proekt-it.ru,,,
https://1cindustry.ru,,,
https://udalenka-korolev.ru,vezdevhod@yandex.ru,no,
https://udalenka-korolev.ru,progsup@yandex.ru,no,
https://www.ams39.ru,,,
https://flexit.am,,,
https://www.ascsoft.ru,,,
https://ingraf.su,ks@ingraf.su,yes,
https://inistek.ru,info@inistek.ru,yes,
https://www.softpro-armavir.ru,1c.armavir@mail.ru,no,
https://serviseit.ru,info@serviseit.ru,yes,
https://serviseit.ru,9640555505@mail.ru,no,
https://www.asket.ru,info@asket.ru,yes,
https://консбух.рф,,,
https://savant-erp.ru,,,
https://frandz.1c-umi.ru,astvdz@yandex.ru,no,
https://arc.kg,info@arc.kg,yes,
https://arc.kg,support@arc.kg,yes,
https://poscentre.ru,,,
https://rcs.kz,email@company.kz,no,
https://rcs.kz,cloud@rcs.kz,yes,
https://www.komset21.com,,,
https://www.lukisoft.ru,,,
https://www.steam-soft.com,info@steam-soft.com,yes,
https://rdv-it.kz,info@rdv-it.kz,yes,
https://www.septillion.ru,,,
https://1c.cbu23.ru,,,
https://silacoda.ru,rss@silacoda.ru,yes,
https://kvd-group.ru,daniil.45@ya.ru,no,
https://www.kolabc.ru,,,
https://erp.cont.md,,,
https://www.algoritmplus.kg,,,
https://kvantpro.ru,kvant@kvantpro.ru,yes,
https://www.control28.ru,mail@control28.ru,yes,
https://www.control28.ru,globarh@yandex.ru,no,
https://www.control28.ru,pepesha90@mail.ru,no,
https://www.control28.ru,supergun777@gmail.ru,no,
https://www.control28.ru,supergun777@gmail.com,no,
https://pc-buh.ru,pc-buh@mail.ru,no,
https://pc-buh.ru,mail@email.ru,no,
https://kz.1cforward.com,hline@center-forward.kz,no,
https://kz.1cforward.com,hline@centrab.ru,no,
https://ellic.ru,,,
https://1sintez.ru,1sintez@inbox.ru,no,
https://www.inbit.az,,,
https://www.onetek.ru,info@onetek.ru,yes,
https://www.onetek.ru,vasha@pochta.ru,no,
https://www.helpit-rzn.ru,,,
https://www.ms-tlt.ru,makerplus@yandex.ru,no,
https://автоматизируйся.рф,,,
https://priority-it.ru,info@priority-it.ru,yes,
https://pomarket.by,info@pomarket.by,yes,
https://www.tku-soft.ru,,,
https://it-exp.org,info@it-exp.org,yes,
https://www.maykus.ru,nikolaev@maykus.ru,yes,
https://www.mm7.ru,mail@mm7.ru,yes,
https://тринити-чита.рф,,,
https://www.bsoft.am,businesssoft1c@gmail.com,no,
https://aytias.ru,info@aytias.ru,yes,
https://aytias.ru,gd@1cbo-aytias.ru,no,
https://akveduk-soft.ru,,,
https://sibprofi.ru,info@sibprofi.ru,yes,
https://www.aventa-group.ru,zakaz@aventa-group.ru,yes,
https://anace.ru,info@anace.ru,yes,
https://dimera.pro,info@dimera.it,no,
https://345777.ru,vk@345777.ru,yes,
https://70200.ru,,,
https://www.f1pro.ru,support@f1pro.ru,yes,
https://www.f1pro.ru,info@f1pro.ru,yes,
https://ckvgroup.ru,info@ckvgroup.ru,yes,
https://itgik.ru,info@itgik.ru,yes,
https://promo.itsportal.ru,info@itsportal.ru,yes,
https://promo.itsportal.ru,name@company.ru,no,
https://promo.itsportal.ru,sales@itsportal.ru,yes,
https://softonit.ru,crm@softonit.ru,yes,
https://www.1c-buhsys.ru,,,
https://www.avssoft.ru,info@avssoft.ru,yes,
https://www.boolean.ru,,,
https://ovs-prof.ru,office@ovs-prof.ru,yes,
https://2bpartners.ru,,,
https://siriusstar63.ru,mail@siriusstar63.ru,yes,
https://fullstack-one.ru,dir@fullstack-one.ru,yes,
https://brilliantsoft-it.ru,info@brilliantsoft-it.ru,yes,
https://эска.бел,,,
https://kais.company,,,
https://www.soft-servis.com,soft-servis@list.ru,no,
https://gterm.ru,term@gterm.ru,yes,
https://xn----7sbhv6aamgddh.xn--p1ai,tias1999g@gmail.com,no,
https://nvg-soft.ru,1c_navigator@mail.ru,no,
https://www.ycloud.kz,info@ycloud.kz,yes,
https://www.jarovav.ru,,,
https://it.doronichi.ru,,,
https://oblako-pro.ru,office@rabotaet-vse.ru,no,
https://oblako-pro.ru,email@mail.ru,no,
https://oblako-pro.ru,rabotaet-vse@mail.ru,no,
https://c-r.kz,,,
https://bishop39.ru,,,
https://avidata.ru,klient@avidata.ru,yes,
https://avidata.ru,klient@avida.ru,no,
https://profsolutions18.ru,profsolut@yandex.ru,no,
https://ab-prosto.ru,,,
https://voblachke.ru,1c@voblachke.ru,yes,
https://comphelpik.ru,,,
https://itpsk.ru,manager@itpsk.ru,yes,
https://keysoft.by,info@keysoft.by,yes,
https://kicrp-odintsovo.ru,info@kicrp-odintsovo.ru,yes,
https://kicrp-odintsovo.ru,oip001@af2006.ru,no,
https://www.proftec.ru,info@proftec.ru,yes,
https://серверплюс.рф,,,
https://sckompass.ru,azarova@mail.ru,no,
https://sckompass.ru,buh@mozhaysk.ru,no,
https://irbit-ac.ru,irbit1c@gmail.com,no,
https://www.softclub.kg,,,
https://labrador-it.ru,info@labrador-it.ru,yes,
https://www.krugonline.ru,support@krugonline.ru,yes,
https://www.krugonline.ru,krug1c@mail.ru,no,
https://www.azovconsultant.ru,azovconsultant@yandex.ru,no,
https://www.alias.ru,alias@alias.ru,yes,
https://krona57.ru,1c@diarti.ru,no,
https://reglament.kz,,,
https://www.at-programmist.ru,75203@bk.ru,no,
https://agneko.ru,sales@agneko.com,no,
https://agneko.ru,sales@agneko.ru,yes,
https://itproject.ucoz.ru,mail@1c4you.ru,no,
https://itforyou.ru,info@itforyou.ru,yes,
https://ak-dar.ru,ak@ak-dar.ru,yes,
https://bizsoft71.ru,,,
https://www.bucom.ru,,,
https://www.vedi.su,vedi@vediev.ru,no,
https://www.geolan-ksl.ru,info@geolan-ksl.ru,yes,
https://www.myerudit.ru,erudit.info@mail.ru,no,
https://frangula.ru,p-jula@rambler.ru,no,
https://www.bitlink.kz,info@bitlink.kz,yes,
https://kmwcity.ru,info@kmwcity.ru,yes,
https://mamontov.consulting,,,
https://odin23.ru,main@odin23.ru,yes,
https://odin23.ru,victorya@odin23.ru,yes,
https://www.softkomi.ru,,,
https://xn--96-nmcd.xn--p1ai,service@terminal-1c.ru,no,
https://infopulse.kz,,,
https://sp1c.ru,andrey-stavropol@yandex.ru,no,
https://www.elcom.kz,1c_est@mail.ru,no,
https://www.intek-1c.ru,support@itzb.ru,no,
https://www.frandkn.narod.ru,,,
https://1s-cap.ru,centrap@inbox.ru,no,
https://rexbit.ru,support@rexbit.ru,yes,
https://www.buhplace.ru,info@buhplace.ru,yes,
https://ereshilin.ru,,,
https://www.azone-it.ru,info@azone-it.ru,yes,
https://www.azone-it.ru,marketing@azone-it.ru,yes,
https://aspect1c.ru,,,
https://dissar.ru,dissar74@mail.ru,no,
https://bits.spb.ru,info@bits.spb.ru,yes,
https://quantit.ru,,,
https://fran.nvsit.ru,,,
https://www.franch.su,441815@bk.ru,no,
https://www.tls-cons.ru,,,
https://www.tralcomplex.ru,,,
https://bratsk.1cbit.ru,,,
https://ssc.kg,1cmyprog@gmail.com,no,
https://garantum.ru,,,
https://locus-lab.ru,info@locus-lab.ru,yes,
https://itl48.ru,info@itl48.ru,yes,
https://www.active-soft.ru,1c@active-soft.ru,yes,
https://altcorp.ru,sales@altcorp.ru,yes,
https://dktek.ru,,,
https://ilcom.kg,1c.kgs@mail.ru,no,
https://intellekt-msc.ru,info@intellekt-msc.ru,yes,
https://kit-consulting.kz,kit-consulting@inbox.ru,no,
https://ocktava.ru,oktava.syzran@mail.ru,no,
https://scancity.am,movsisyan_a@yahoo.com,no,
https://scancity.am,info@scancity.am,yes,
https://www.soft-finans.ru,,,
https://www.incloudme.ru,incloudme@vk.com,no,
https://1citsecurity.ru,1c@1citsecurity.ru,yes,
https://1citsecurity.ru,itsecurity@bitrix24.ru,no,
https://comkap.narod.ru,,,
https://www.alg-s.kz,,,
https://astraldv.ru,astral@astraldv.ru,yes,
https://it-nec.ru,sales@it-nec.ru,yes,
https://it-nec.ru,service@it-nec.ru,yes,
https://it-nec.ru,sales.nhk@it-nec.ru,yes,
https://intelscom.ru,info@intelscom.ru,yes,
https://intelscom.ru,sale@intelscom.ru,yes,
https://www.ipermilov.ru,info@ipermilov.ru,yes,
https://kartasofta.ru,support@kartasofta.ru,yes,
https://kartasofta.ru,sale@kartasofta.ru,yes,
https://kartasofta.ru,office@kartasofta.ru,yes,
https://www.vccit.ru,vccit@vccit.ru,yes,
https://benefit-ii.ru,,,
https://www.kbsoft.ru,,,
https://megamir.webnode.ru,megamir.tmn@mail.ru,no,
https://www.avi-soft.ru,,,
https://beregnoi.ru,,,
https://filippok1c.ru,filippok_2000@mail.ru,no,
https://csit40.ru,,,
https://xn----7sbbaakrvicxlgjaljht4cd5g3a5evfn.xn--p1ai,,,
https://in-form.ru,,,
https://mossoftplus.ru,,,
https://texnek.ru,,,
https://alt66.ru,,,
https://fsoft.pro,,,
https://элвес.com,elves1cto@mail.ru,no,
https://1sarus.ru,,,
https://anapa.1cbit.ru,,,
https://venkon.uz,info@venkon.uz,yes,
https://www.globals.ru,smk@globals.ru,yes,
https://www.globals.ru,mail@globals.ru,yes,
https://www.globals.ru,2312090300@mail.ru,no,
https://www.globals.ru,lk@globals.ru,yes,
https://www.globals.ru,crimea@globals.ru,yes,
https://1c.inter-soft.ru,,,
https://1c.kz,1c@1c.kz,yes,
https://1c.kz,hotline@1c.kz,yes,
https://1c.kz,lic@1c.kz,yes,
https://1c.kz,dist@1c.kz,yes,
https://1c.kz,zakaz@1c.kz,yes,
https://1c.kz,bo@1c.kz,yes,
https://1c.kz,info@1cfresh.kz,no,
https://1c.kz,training@1c.kz,yes,
https://1c.kz,corp@1c.kz,yes,
https://max.ru,,,
https://1c.link,support@1c.link,yes,
https://1c.link,info@1c.link,yes,
https://1cbo.ru,bo@1c.ru,no,
https://1c-prosto.ru,prosto@1c.ru,no,
https://1c.market,,,
https://www.aic.ru,sales@aic.ru,yes,
https://www.aic.ru,hello@aic.ru,yes,
https://www.aic.ru,pr@aic.ru,yes,
https://www.aic.ru,hr@aic.ru,yes,
